url	source_name	name	form	rig
https://regancipher.squig.link/data/1More%20S50%20L.txt	1More Fit Open S50	1MORE Fit Open Earbuds S50	in-ear	711
https://regancipher.squig.link/data/1More%20S50%20R.txt	1More Fit Open S50	1MORE Fit Open Earbuds S50	in-ear	711
https://regancipher.squig.link/data/Omthing%20Airfree%202%20R.txt	Omthing Airfree 2	1MORE Omthing Airfree 2	in-ear	711
https://regancipher.squig.link/data/1More%20Q30%20L.txt	1More Pistonbuds Pro Q30	1MORE PistonBuds Pro Q30	in-ear	711
https://regancipher.squig.link/data/1More%20Q30%20R.txt	1More Pistonbuds Pro Q30	1MORE PistonBuds Pro Q30	in-ear	711
https://regancipher.squig.link/data/7Hz%20Zero2%20L.txt	7Hz x Crinacle Zero:2	7Hz x Crinacle Zero 2	in-ear	711
https://regancipher.squig.link/data/7Hz%20Zero2%20R.txt	7Hz x Crinacle Zero:2	7Hz x Crinacle Zero 2	in-ear	711
https://regancipher.squig.link/data/Alpha%20and%20Delta%20AD15%20L.txt	Alpha & Delta KS100 AD15	Alpha & Delta KS100	in-ear	711
https://regancipher.squig.link/data/Alpha%20and%20Delta%20AD15%20R.txt	Alpha & Delta KS100 AD15	Alpha & Delta KS100	in-ear	711
https://regancipher.squig.link/data/Alpha%20and%20Delta%20AD16%20L.txt	Alpha & Delta KS100 AD16	Alpha & Delta KS100	in-ear	711
https://regancipher.squig.link/data/Alpha%20and%20Delta%20AD16%20R.txt	Alpha & Delta KS100 AD16	Alpha & Delta KS100	in-ear	711
https://regancipher.squig.link/data/Soundcore%20Life%20P2i%20L.txt	Soundcore Life P2i	Anker Life P2i	in-ear	711
https://regancipher.squig.link/data/Soundcore%20Life%20P2i%20R.txt	Soundcore Life P2i	Anker Life P2i	in-ear	711
https://regancipher.squig.link/data/Soundcore%20P3i%20L.txt	Soundcore P3i	Anker P3i	in-ear	711
https://regancipher.squig.link/data/Soundcore%20P3i%20R.txt	Soundcore P3i	Anker P3i	in-ear	711
https://regancipher.squig.link/data/Soundcore%20Aerofit%20Pro%20L.txt	Soundcore Aerofit Pro	Anker Soundcore Aerofit Pro	earbud	KB500x + 711
https://regancipher.squig.link/data/Soundcore%20Aerofit%20Pro%20R.txt	Soundcore Aerofit Pro	Anker Soundcore Aerofit Pro	earbud	KB500x + 711
https://regancipher.squig.link/data/Soundcore%20Liberty%203%20Pro%20L.txt	Soundcore Liberty 3 Pro	Anker Soundcore Liberty 3 Pro	in-ear	711
https://regancipher.squig.link/data/Soundcore%20Liberty%204%20NC%20L.txt	Soundcore Liberty 4 NC	Anker Soundcore Liberty 4 NC	in-ear	711
https://regancipher.squig.link/data/Soundcore%20Liberty%204%20NC%20R.txt	Soundcore Liberty 4 NC	Anker Soundcore Liberty 4 NC	in-ear	711
https://regancipher.squig.link/data/Soundcore%20Space%20A40%20L.txt	Soundcore Space A40	Anker Soundcore Space A40	in-ear	711
https://regancipher.squig.link/data/Soundcore%20Space%20A40%20R.txt	Soundcore Space A40	Anker Soundcore Space A40	in-ear	711
https://regancipher.squig.link/data/Apple%20Airpod%204%20Trans%20L.txt	Apple AirPod 4 ANC (Transparency, Default)	Apple AirPod 4 (transparency)	earbud	711
https://regancipher.squig.link/data/Apple%20Airpod%204%20Trans%20R.txt	Apple AirPod 4 ANC (Transparency, Default)	Apple AirPod 4 (transparency)	earbud	711
https://regancipher.squig.link/data/Apple%20Airpod%204%20ANC%20L.txt	Apple AirPod 4 ANC (ANC on, Default)	Apple AirPods 4 (ANC on)	earbud	711
https://regancipher.squig.link/data/Apple%20Airpod%204%20ANC%20R.txt	Apple AirPod 4 ANC (ANC on, Default)	Apple AirPods 4 (ANC on)	earbud	711
https://regancipher.squig.link/data/BASN%20MMCX%20L.txt	BASN MMCX	BASN MMCX	in-ear	711
https://regancipher.squig.link/data/BASN%20MMCX%20R.txt	BASN MMCX	BASN MMCX	in-ear	711
https://regancipher.squig.link/data/Baseus%20AirGo%20AS01%20L.txt	Baseus AirGo AS01	Baseus AirGo AS01	in-ear	711
https://regancipher.squig.link/data/Baseus%20AirGo%20AS01%20R.txt	Baseus AirGo AS01	Baseus AirGo AS01	in-ear	711
https://regancipher.squig.link/data/Baseus%20AirGo%20AS01%20Bass%20Boost%20L.txt	Baseus AirGo AS01 Bass Boost	Baseus AirGo AS01 Bass Boost	ignore	711
https://regancipher.squig.link/data/Baseus%20AirGo%20AS01%20Bass%20Boost%20R.txt	Baseus AirGo AS01 Bass Boost	Baseus AirGo AS01 Bass Boost	ignore	711
https://regancipher.squig.link/data/Baseus%20M2S%20L.txt	Baseus M2S	Baseus M2s	in-ear	711
https://regancipher.squig.link/data/Baseus%20M2S%20R.txt	Baseus M2S	Baseus M2s	in-ear	711
https://regancipher.squig.link/data/Boltune%20BT-BH024%20L.txt	Boltune BT-BH024	Boltune BT-BH024	in-ear	711
https://regancipher.squig.link/data/Boltune%20BT-BH024%20R.txt	Boltune BT-BH024	Boltune BT-BH024	in-ear	711
https://regancipher.squig.link/data/CCA%20CRA%20L.txt	CCA CRA	CCA CRA	in-ear	711
https://regancipher.squig.link/data/CCA%20CRA%20R.txt	CCA CRA	CCA CRA	in-ear	711
https://regancipher.squig.link/data/CCZ%20Emerald%20L.txt	CCZ Emerald	CCZ Emerald	in-ear	711
https://regancipher.squig.link/data/CCZ%20Emerald%20R.txt	CCZ Emerald	CCZ Emerald	in-ear	711
https://regancipher.squig.link/data/CMF%20B2P%20A%20L.txt		CMF B2P A	ignore	711
https://regancipher.squig.link/data/CMF%20B2P%20Class%20L.txt	CMF Buds 2 Plus (ANC on, Classical)	CMF Buds 2 Plus (ANC on, Classical)	ignore	711
https://regancipher.squig.link/data/CMF%20B2P%20Class%20R.txt	CMF Buds 2 Plus (ANC on, Classical)	CMF Buds 2 Plus (ANC on, Classical)	ignore	711
https://regancipher.squig.link/data/CMF%20B2P%20Elec%20L.txt	CMF Buds 2 Plus (ANC on, Electronic)	CMF Buds 2 Plus (ANC on, Electronic)	ignore	711
https://regancipher.squig.link/data/CMF%20B2P%20Elec%20R.txt	CMF Buds 2 Plus (ANC on, Electronic)	CMF Buds 2 Plus (ANC on, Electronic)	ignore	711
https://regancipher.squig.link/data/CMF%20B2P%20EV%20L.txt	CMF Buds 2 Plus (ANC on, Enhanced Vocal)	CMF Buds 2 Plus (ANC on, Enhanced Vocal)	ignore	711
https://regancipher.squig.link/data/CMF%20B2P%20EV%20R.txt	CMF Buds 2 Plus (ANC on, Enhanced Vocal)	CMF Buds 2 Plus (ANC on, Enhanced Vocal)	ignore	711
https://regancipher.squig.link/data/CMF%20B2P%20Rock%20L.txt	CMF Buds 2 Plus (ANC on, Rock)	CMF Buds 2 Plus (ANC on, Rock)	ignore	711
https://regancipher.squig.link/data/CMF%20B2P%20Rock%20R.txt	CMF Buds 2 Plus (ANC on, Rock)	CMF Buds 2 Plus (ANC on, Rock)	ignore	711
https://regancipher.squig.link/data/CMF%20B2P%20L.txt	CMF Buds 2 Plus (ANC off, Pop)	CMF by Nothing Buds 2 Plus (ANC off, pop)	in-ear	711
https://regancipher.squig.link/data/CMF%20B2P%20R.txt	CMF Buds 2 Plus (ANC off, Pop)	CMF by Nothing Buds 2 Plus (ANC off, pop)	in-ear	711
https://regancipher.squig.link/data/CMF%20B2P%20Pop%20A%20L.txt	CMF Buds 2 Plus (ANC on, Pop)	CMF by Nothing Buds 2 Plus (ANC on, pop)	in-ear	711
https://regancipher.squig.link/data/CMF%20B2P%20Pop%20A%20R.txt	CMF Buds 2 Plus (ANC on, Pop)	CMF by Nothing Buds 2 Plus (ANC on, pop)	in-ear	711
https://regancipher.squig.link/data/Creative%20Aurvana%20Ace%202%20L.txt	Creative Aurvana Ace 2	Creative Aurvana Ace 2	in-ear	711
https://regancipher.squig.link/data/Creative%20Aurvana%20Ace%202%20R.txt	Creative Aurvana Ace 2	Creative Aurvana Ace 2	in-ear	711
https://regancipher.squig.link/data/CAA2%20L.txt	Creative Aurvana Ace 2 (ANC off, Default)	Creative Aurvana Ace 2 (ANC Off)	in-ear	711
https://regancipher.squig.link/data/CAA2%20R.txt	Creative Aurvana Ace 2 (ANC off, Default)	Creative Aurvana Ace 2 (ANC Off)	in-ear	711
https://regancipher.squig.link/data/CAA2%20A%20L.txt	Creative Aurvana Ace 2 (ANC on, Default)	Creative Aurvana Ace 2 (ANC On)	in-ear	711
https://regancipher.squig.link/data/CAA2%20A%20R.txt	Creative Aurvana Ace 2 (ANC on, Default)	Creative Aurvana Ace 2 (ANC On)	in-ear	711
https://regancipher.squig.link/data/Creative%20Aurvana%20Mimi%20L.txt	Creative Aurvana Mimi (ANC off, Default)	Creative Aurvana Mimi (ANC off)	in-ear	711
https://regancipher.squig.link/data/Creative%20Aurvana%20Mimi%20R.txt	Creative Aurvana Mimi (ANC off, Default)	Creative Aurvana Mimi (ANC off)	in-ear	711
https://regancipher.squig.link/data/Creative%20Aurvana%20Mimi%20A%20L.txt	Creative Aurvana Mimi (ANC on, Default)	Creative Aurvana Mimi (ANC on)	in-ear	711
https://regancipher.squig.link/data/Creative%20Aurvana%20Mimi%20A%20R.txt	Creative Aurvana Mimi (ANC on, Default)	Creative Aurvana Mimi (ANC on)	in-ear	711
https://regancipher.squig.link/data/Creative%20Outlier%20Free%20Pro%20Plus%20L.txt	Creative Outlier Free Pro Plus	Creative Outlier Free Pro Plus	in-ear	711
https://regancipher.squig.link/data/Creative%20Outlier%20Free%20Pro%20Plus%20R.txt	Creative Outlier Free Pro Plus	Creative Outlier Free Pro Plus	in-ear	711
https://regancipher.squig.link/data/Creative%20Outlier%20Pro%20L.txt	Creative Outlier Pro	Creative Outlier Pro	in-ear	711
https://regancipher.squig.link/data/Creative%20Outlier%20Pro%20R.txt	Creative Outlier Pro	Creative Outlier Pro	in-ear	711
https://regancipher.squig.link/data/Creative%20Sensemore%20Air%20L.txt	Creative Sensemore Air	Creative Sensemore Air	in-ear	711
https://regancipher.squig.link/data/Creative%20Sensemore%20Air%20R.txt	Creative Sensemore Air	Creative Sensemore Air	in-ear	711
https://regancipher.squig.link/data/Creative%20Zen%20Hybrid%20Pro%20SXFI%20L.txt	Creative Zen Hybrid Pro SXFI	Creative Zen Hybrid Pro SXFI	over-ear	KB500x + 711
https://regancipher.squig.link/data/Creative%20Zen%20Hybrid%20Pro%20SXFI%20R.txt	Creative Zen Hybrid Pro SXFI	Creative Zen Hybrid Pro SXFI	over-ear	KB500x + 711
https://regancipher.squig.link/data/Dunu%20DK3001%20BD%20L.txt	Dunu DK 3001 BD	DUNU DK3001 BD	in-ear	711
https://regancipher.squig.link/data/Dunu%20DK3001%20BD%20R.txt	Dunu DK 3001 BD	DUNU DK3001 BD	in-ear	711
https://regancipher.squig.link/data/Dunu%20Falcon%20Ultra%20Blue%20L.txt	Dunu Falcon Ultra Blue	DUNU Falcon Ultra (blue nozzle)	in-ear	711
https://regancipher.squig.link/data/Dunu%20Falcon%20Ultra%20Blue%20R.txt	Dunu Falcon Ultra Blue	DUNU Falcon Ultra (blue nozzle)	in-ear	711
https://regancipher.squig.link/data/Dunu%20Falcon%20Ultra%20Gold%20L.txt	Dunu Falcon Ultra Gold	DUNU Falcon Ultra (gold nozzle)	in-ear	711
https://regancipher.squig.link/data/Dunu%20Falcon%20Ultra%20Gold%20R.txt	Dunu Falcon Ultra Gold	DUNU Falcon Ultra (gold nozzle)	in-ear	711
https://regancipher.squig.link/data/DK2%20L.txt	Dunu Kima 2	DUNU Kima 2	in-ear	711
https://regancipher.squig.link/data/DK2%20R.txt	Dunu Kima 2	DUNU Kima 2	in-ear	711
https://regancipher.squig.link/data/Dunu%20Kima%202%20L.txt		DUNU Kima 2	in-ear	711
https://regancipher.squig.link/data/Dunu%20Kima%202%20R.txt		DUNU Kima 2	in-ear	711
https://regancipher.squig.link/data/Dunu%20Titan%20S2%20L.txt	Dunu Titan S2	DUNU Titan S2	in-ear	711
https://regancipher.squig.link/data/Dunu%20Titan%20S2%20R.txt	Dunu Titan S2	DUNU Titan S2	in-ear	711
https://regancipher.squig.link/data/EPZ%20G10%20L.txt	EPZ G10	EPZ G10	in-ear	711
https://regancipher.squig.link/data/EPZ%20G10%20R.txt	EPZ G10	EPZ G10	in-ear	711
https://regancipher.squig.link/data/EPZ%20Q1%20L.txt	EPZ Q1	EPZ Q1	in-ear	711
https://regancipher.squig.link/data/EPZ%20Q1%20R.txt	EPZ Q1	EPZ Q1	in-ear	711
https://regancipher.squig.link/data/EPZ%20Q1%20Pro%20L.txt	EPZ Q1 Pro	EPZ Q1 Pro	in-ear	711
https://regancipher.squig.link/data/EPZ%20Q1%20Pro%20R.txt	EPZ Q1 Pro	EPZ Q1 Pro	in-ear	711
https://regancipher.squig.link/data/EPZ%20Q5%20L.txt	EPZ Q5	EPZ Q5	in-ear	711
https://regancipher.squig.link/data/EPZ%20Q5%20R.txt	EPZ Q5	EPZ Q5	in-ear	711
https://regancipher.squig.link/data/Tipsy%20X%20EPZ%20Star%20and%20One%20L.txt	EPZ x Tipsy Star & One	EPZ x Tipsy Star & One	in-ear	711
https://regancipher.squig.link/data/Tipsy%20X%20EPZ%20Star%20and%20One%20R.txt	EPZ x Tipsy Star & One	EPZ x Tipsy Star & One	in-ear	711
https://regancipher.squig.link/data/Earfun%20Air%202%20NC%20off%20L.txt	Earfun Air 2 NC (ANC off, Default)	EarFun Air 2 NC (ANC off)	in-ear	711
https://regancipher.squig.link/data/Earfun%20Air%202%20NC%20off%20R.txt	Earfun Air 2 NC (ANC off, Default)	EarFun Air 2 NC (ANC off)	in-ear	711
https://regancipher.squig.link/data/Earfun%20Air%202%20NC%20L.txt	Earfun Air 2 NC (ANC on, Default)	EarFun Air 2 NC (ANC on)	in-ear	711
https://regancipher.squig.link/data/Earfun%20Air%202%20NC%20R.txt	Earfun Air 2 NC (ANC on, Default)	EarFun Air 2 NC (ANC on)	in-ear	711
https://regancipher.squig.link/data/Earfun%20Air%20Pro%203%20L.txt	Earfun Air Pro 3	EarFun Air Pro 3	in-ear	711
https://regancipher.squig.link/data/Earfun%20Air%20Pro%203%20R.txt	Earfun Air Pro 3	EarFun Air Pro 3	in-ear	711
https://regancipher.squig.link/data/Earfun%20Air%20Pro%204%20L.txt	Earfun Air Pro 4 (ANC off, Default)	EarFun Air Pro 4 (ANC off)	in-ear	711
https://regancipher.squig.link/data/Earfun%20Air%20Pro%204%20R.txt	Earfun Air Pro 4 (ANC off, Default)	EarFun Air Pro 4 (ANC off)	in-ear	711
https://regancipher.squig.link/data/Earfun%20Air%20Pro%204%20ANC%20L.txt	Earfun Air Pro 4 (ANC on, Default)	EarFun Air Pro 4 (ANC on)	in-ear	711
https://regancipher.squig.link/data/Earfun%20Air%20Pro%204%20ANC%20R.txt	Earfun Air Pro 4 (ANC on, Default)	EarFun Air Pro 4 (ANC on)	in-ear	711
https://regancipher.squig.link/data/Earfun%20Wave%20Pro%20(ANC%20off)%20L.txt	Earfun Wave Pro (ANC off, Default)	EarFun Wave Pro (ANC off)	over-ear	711
https://regancipher.squig.link/data/Earfun%20Wave%20Pro%20(ANC%20off)%20R.txt	Earfun Wave Pro (ANC off, Default)	EarFun Wave Pro (ANC off)	over-ear	711
https://regancipher.squig.link/data/Earfun%20Wave%20Pro%20L.txt	Earfun Wave Pro (ANC on, Default)	EarFun Wave Pro (ANC on)	over-ear	711
https://regancipher.squig.link/data/Earfun%20Wave%20Pro%20R.txt	Earfun Wave Pro (ANC on, Default)	EarFun Wave Pro (ANC on)	over-ear	711
https://regancipher.squig.link/data/Edifier%20NeoBuds%20Pro%20L.txt	Edifier NeoBuds Pro	Edifier NeoBuds Pro	in-ear	711
https://regancipher.squig.link/data/Edifier%20NeoBuds%20Pro%20R.txt	Edifier NeoBuds Pro	Edifier NeoBuds Pro	in-ear	711
https://regancipher.squig.link/data/Edifier%20NeoBuds%20Pro%202%20L.txt	Edifier NeoBuds Pro 2	Edifier NeoBuds Pro 2	in-ear	711
https://regancipher.squig.link/data/Edifier%20NeoBuds%20Pro%202%20R.txt	Edifier NeoBuds Pro 2	Edifier NeoBuds Pro 2	in-ear	711
https://regancipher.squig.link/data/Edifier%20WH820%20Plus%20ANC%20off%20L.txt	Edifier W820NB Plus ANC off	Edifier W820NB Plus (ANC off)	over-ear	711
https://regancipher.squig.link/data/Edifier%20WH820%20Plus%20ANC%20off%20R.txt	Edifier W820NB Plus ANC off	Edifier W820NB Plus (ANC off)	over-ear	711
https://regancipher.squig.link/data/Edifier%20WH820%20Plus%20L.txt	Edifier W820NB Plus ANC on	Edifier W820NB Plus (ANC on)	over-ear	711
https://regancipher.squig.link/data/Edifier%20WH820%20Plus%20R.txt	Edifier W820NB Plus ANC on	Edifier W820NB Plus (ANC on)	over-ear	711
https://regancipher.squig.link/data/Edifier%20WH820NB%20Plus%20Amb%20L.txt	Edifier W820NB Plus Ambient	Edifier W820NB Plus Ambient	ignore	711
https://regancipher.squig.link/data/Edifier%20WH820NB%20Plus%20Amb%20R.txt	Edifier W820NB Plus Ambient	Edifier W820NB Plus Ambient	ignore	711
https://regancipher.squig.link/data/Edifier%20WH700NB%20L.txt	Edifier WH700NB	Edifier WH700NB	over-ear	KB500x + 711
https://regancipher.squig.link/data/Edifier%20WH700NB%20R.txt	Edifier WH700NB	Edifier WH700NB	over-ear	KB500x + 711
https://regancipher.squig.link/data/Edifier%20X3%20Lite%20L.txt	Edifier X3 Lite	Edifier X3 Lite	in-ear	711
https://regancipher.squig.link/data/Edifier%20X3%20Lite%20R.txt	Edifier X3 Lite	Edifier X3 Lite	in-ear	711
https://regancipher.squig.link/data/FIIL%20GS%20L.txt	FIIL GS (Golden Seed) (ANC off, Default)	FIIL GS (ANC off)	earbud	711
https://regancipher.squig.link/data/FIIL%20GS%20R.txt	FIIL GS (Golden Seed) (ANC off, Default)	FIIL GS (ANC off)	earbud	711
https://regancipher.squig.link/data/FIIL%20GS%20Bass%20L.txt	FIIL GS (Golden Seed) (ANC off, Bass Preset)	FIIL GS (Golden Seed) (ANC off, Bass Preset)	ignore	711
https://regancipher.squig.link/data/FIIL%20GS%20Bass%20R.txt	FIIL GS (Golden Seed) (ANC off, Bass Preset)	FIIL GS (Golden Seed) (ANC off, Bass Preset)	ignore	711
https://regancipher.squig.link/data/FIIL%20GS%20Treble%20L.txt	FIIL GS (Golden Seed) (ANC off, Treble Preset)	FIIL GS (Golden Seed) (ANC off, Treble Preset)	ignore	711
https://regancipher.squig.link/data/FIIL%20GS%20Treble%20R.txt	FIIL GS (Golden Seed) (ANC off, Treble Preset)	FIIL GS (Golden Seed) (ANC off, Treble Preset)	ignore	711
https://regancipher.squig.link/data/FIIL%20Key%20L.txt	FIIL Key	FIIL Key	in-ear	711
https://regancipher.squig.link/data/FIIL%20Key%20R.txt	FIIL Key	FIIL Key	in-ear	711
https://regancipher.squig.link/data/FIIL%20Key%20Pro%20L.txt		FIIL Key Pro	ignore	711
https://regancipher.squig.link/data/FIIL%20Key%20Pro%20R.txt		FIIL Key Pro	ignore	711
https://regancipher.squig.link/data/FKP%20ANC%20off%20O%20L.txt	FIIL Key Pro (ANC off, Original)	FIIL Key Pro (ANC off)	in-ear	711
https://regancipher.squig.link/data/FKP%20ANC%20off%20O%20R.txt	FIIL Key Pro (ANC off, Original)	FIIL Key Pro (ANC off)	in-ear	711
https://regancipher.squig.link/data/FKP%20SIE%20L.txt	FIIL Key Pro (ANC off, Semi In Ear Mode)	FIIL Key Pro (ANC off, Semi In Ear Mode)	ignore	711
https://regancipher.squig.link/data/FKP%20SIE%20R.txt	FIIL Key Pro (ANC off, Semi In Ear Mode)	FIIL Key Pro (ANC off, Semi In Ear Mode)	ignore	711
https://regancipher.squig.link/data/FKP%20ANC%20on%20O%20L.txt	FIIL Key Pro (ANC on, Original)	FIIL Key Pro (ANC on)	in-ear	711
https://regancipher.squig.link/data/FKP%20ANC%20on%20O%20R.txt	FIIL Key Pro (ANC on, Original)	FIIL Key Pro (ANC on)	in-ear	711
https://regancipher.squig.link/data/FIIL%20Key%20Pro%20ANC%20L.txt		FIIL Key Pro ANC	ignore	711
https://regancipher.squig.link/data/FIIL%20Key%20Pro%20ANC%20R.txt		FIIL Key Pro ANC	ignore	711
https://regancipher.squig.link/data/FIIL%20Key%20Pro%20Open%20L.txt		FIIL Key Pro Open	ignore	711
https://regancipher.squig.link/data/FIIL%20Key%20Pro%20Open%20R.txt		FIIL Key Pro Open	ignore	711
https://regancipher.squig.link/data/HFBP4%20Vocal%20R.txt		HFBP4 Vocal	ignore	711
https://regancipher.squig.link/data/Haylou%20Purfree%20Buds%20L.txt	Haylou Purfree Buds	Haylou PurFree Buds	in-ear	711
https://regancipher.squig.link/data/Haylou%20Purfree%20Buds%20R.txt	Haylou Purfree Buds	Haylou PurFree Buds	in-ear	711
https://regancipher.squig.link/data/Haylou%20S30%20ANC%20on%20L.txt	Haylou S30 ANC on	Haylou S30 (ANC on)	over-ear	711
https://regancipher.squig.link/data/Haylou%20S30%20ANC%20on%20R.txt	Haylou S30 ANC on	Haylou S30 (ANC on)	over-ear	711
https://regancipher.squig.link/data/Haylou%20S30%20Wired%20L.txt	Haylou S30 Wired	Haylou S30 (wired)	in-ear	711
https://regancipher.squig.link/data/Haylou%20S30%20Wired%20R.txt	Haylou S30 Wired	Haylou S30 (wired)	in-ear	711
https://regancipher.squig.link/data/Haylou%20S35%20L.txt		Haylou S35	over-ear	KB500x + 711
https://regancipher.squig.link/data/Haylou%20S35%20R.txt		Haylou S35	over-ear	KB500x + 711
https://regancipher.squig.link/data/Haylou%20S30%20ANC%20off%20L.txt	Haylou S35 ANC off	Haylou S35 (ANC off)	over-ear	711
https://regancipher.squig.link/data/Haylou%20S30%20ANC%20off%20R.txt	Haylou S35 ANC off	Haylou S35 (ANC off)	over-ear	711
https://regancipher.squig.link/data/Haylou%20S35%20ANC%20L.txt	Haylou S35 ANC	Haylou S35 ANC	in-ear	711
https://regancipher.squig.link/data/Haylou%20S35%20ANC%20R.txt	Haylou S35 ANC	Haylou S35 ANC	in-ear	711
https://regancipher.squig.link/data/Haylou%20W1%20ANC%20L.txt	Haylou W1 ANC	Haylou W1 ANC	in-ear	711
https://regancipher.squig.link/data/Haylou%20W1%20ANC%20R.txt	Haylou W1 ANC	Haylou W1 ANC	in-ear	711
https://regancipher.squig.link/data/Hidizs%20MS3%20Red%20L.txt	Hidizs MS3 Red	Hidizs MS3 (red nozzle)	in-ear	711
https://regancipher.squig.link/data/Hidizs%20MS3%20Red%20R.txt	Hidizs MS3 Red	Hidizs MS3 (red nozzle)	in-ear	711
https://regancipher.squig.link/data/Hidizs%20MS3%20Gold%20L.txt	Hidizs MS3 Gold	Hidizs MS3 (rosegold nozzle)	in-ear	711
https://regancipher.squig.link/data/Hidizs%20MS3%20Gold%20R.txt	Hidizs MS3 Gold	Hidizs MS3 (rosegold nozzle)	in-ear	711
https://regancipher.squig.link/data/Hidizs%20MS3%20Silver%20L.txt	Hidizs MS3 Silver	Hidizs MS3 (silver nozzle)	in-ear	711
https://regancipher.squig.link/data/Hidizs%20MS3%20Silver%20R.txt	Hidizs MS3 Silver	Hidizs MS3 (silver nozzle)	in-ear	711
https://regancipher.squig.link/data/Huawei%20FreeArc%20L.txt	Huawei FreeArc (ANC off, Default)	Huawei FreeArc (ANC off)	earbud	711
https://regancipher.squig.link/data/Huawei%20FreeArc%20R.txt	Huawei FreeArc (ANC off, Default)	Huawei FreeArc (ANC off)	earbud	711
https://regancipher.squig.link/data/Huawei%20FreeArc%20Elev%20L.txt	Huawei FreeArc (ANC off, Elevate)	Huawei FreeArc (ANC off, Elevate)	ignore	711
https://regancipher.squig.link/data/Huawei%20FreeArc%20Elev%20R.txt	Huawei FreeArc (ANC off, Elevate)	Huawei FreeArc (ANC off, Elevate)	ignore	711
https://regancipher.squig.link/data/Huawei%20FreeArc%20TB%20L.txt	Huawei FreeArc (ANC off, Treble Boost)	Huawei FreeArc (ANC off, Treble Boost)	ignore	711
https://regancipher.squig.link/data/Huawei%20FreeArc%20TB%20R.txt	Huawei FreeArc (ANC off, Treble Boost)	Huawei FreeArc (ANC off, Treble Boost)	ignore	711
https://regancipher.squig.link/data/Huawei%20FreeArc%20V%20L.txt	Huawei FreeArc (ANC off, Voice)	Huawei FreeArc (ANC off, Voice)	ignore	711
https://regancipher.squig.link/data/Huawei%20FreeArc%20V%20R.txt	Huawei FreeArc (ANC off, Voice)	Huawei FreeArc (ANC off, Voice)	ignore	711
https://regancipher.squig.link/data/HFBP4%20L.txt	Huawei FreeBuds Pro 4 (ANC off, Default)	Huawei FreeBuds Pro 4 (ANC off)	in-ear	711
https://regancipher.squig.link/data/HFBP4%20R.txt	Huawei FreeBuds Pro 4 (ANC off, Default)	Huawei FreeBuds Pro 4 (ANC off)	in-ear	711
https://regancipher.squig.link/data/HFBP4%20ANC%20L.txt	Huawei FreeBuds Pro 4 (ANC on, Default)	Huawei FreeBuds Pro 4 (ANC on)	in-ear	711
https://regancipher.squig.link/data/HFBP4%20ANC%20R.txt	Huawei FreeBuds Pro 4 (ANC on, Default)	Huawei FreeBuds Pro 4 (ANC on)	in-ear	711
https://regancipher.squig.link/data/HFBP4%20A%20Bal%20L.txt	Huawei FreeBuds Pro 4 (ANC on, Balanced)	Huawei FreeBuds Pro 4 (ANC on, Balanced)	ignore	711
https://regancipher.squig.link/data/HFBP4%20A%20Bal%20R.txt	Huawei FreeBuds Pro 4 (ANC on, Balanced)	Huawei FreeBuds Pro 4 (ANC on, Balanced)	ignore	711
https://regancipher.squig.link/data/HFBP4%20A%20BB%20L.txt	Huawei FreeBuds Pro 4 (ANC on, Bass Boost)	Huawei FreeBuds Pro 4 (ANC on, Bass Boost)	ignore	711
https://regancipher.squig.link/data/HFBP4%20A%20BB%20R.txt	Huawei FreeBuds Pro 4 (ANC on, Bass Boost)	Huawei FreeBuds Pro 4 (ANC on, Bass Boost)	ignore	711
https://regancipher.squig.link/data/HFBP4%20A%20Classical%20L.txt	Huawei FreeBuds Pro 4 (ANC on, Classical)	Huawei FreeBuds Pro 4 (ANC on, Classical)	ignore	711
https://regancipher.squig.link/data/HFBP4%20A%20Classical%20R.txt	Huawei FreeBuds Pro 4 (ANC on, Classical)	Huawei FreeBuds Pro 4 (ANC on, Classical)	ignore	711
https://regancipher.squig.link/data/HFBP4%20A%20Hifi%20Live%20L.txt	Huawei FreeBuds Pro 4 (ANC on, HiFi Live)	Huawei FreeBuds Pro 4 (ANC on, HiFi Live)	ignore	711
https://regancipher.squig.link/data/HFBP4%20A%20Hifi%20Live%20R.txt	Huawei FreeBuds Pro 4 (ANC on, HiFi Live)	Huawei FreeBuds Pro 4 (ANC on, HiFi Live)	ignore	711
https://regancipher.squig.link/data/HFBP4%20A%20Symphony%20L.txt	Huawei FreeBuds Pro 4 (ANC on, Symphony)	Huawei FreeBuds Pro 4 (ANC on, Symphony)	ignore	711
https://regancipher.squig.link/data/HFBP4%20A%20Symphony%20R.txt	Huawei FreeBuds Pro 4 (ANC on, Symphony)	Huawei FreeBuds Pro 4 (ANC on, Symphony)	ignore	711
https://regancipher.squig.link/data/HFBP4%20A%20TB%20L.txt	Huawei FreeBuds Pro 4 (ANC on, Treble Boost)	Huawei FreeBuds Pro 4 (ANC on, Treble Boost)	ignore	711
https://regancipher.squig.link/data/HFBP4%20A%20TB%20R.txt	Huawei FreeBuds Pro 4 (ANC on, Treble Boost)	Huawei FreeBuds Pro 4 (ANC on, Treble Boost)	ignore	711
https://regancipher.squig.link/data/HFBP4%20Vocal%20L.txt		Huawei Freebud Pro 4	ignore	711
https://regancipher.squig.link/data/Huawei%20Freebuds%205%20L.txt	Huawei Freebuds 5	Huawei Freebuds 5	earbud	711
https://regancipher.squig.link/data/Huawei%20Freebuds%205%20R.txt	Huawei Freebuds 5	Huawei Freebuds 5	earbud	711
https://regancipher.squig.link/data/Huawei%20Freebuds%20Pro%20L.txt	Huawei Freebuds Pro	Huawei Freebuds Pro	in-ear	711
https://regancipher.squig.link/data/Huawei%20Freebuds%20Pro%20R.txt	Huawei Freebuds Pro	Huawei Freebuds Pro	in-ear	711
https://regancipher.squig.link/data/HFBP%20L.txt	Huawei Freebuds Pro (ANC off, Default)	Huawei Freebuds Pro (ANC off)	in-ear	711
https://regancipher.squig.link/data/HFBP%20R.txt	Huawei Freebuds Pro (ANC off, Default)	Huawei Freebuds Pro (ANC off)	in-ear	711
https://regancipher.squig.link/data/HFBP%20A%20L.txt	Huawei Freebuds Pro (ANC on, Default)	Huawei Freebuds Pro (ANC on)	in-ear	711
https://regancipher.squig.link/data/HFBP%20A%20R.txt	Huawei Freebuds Pro (ANC on, Default)	Huawei Freebuds Pro (ANC on)	in-ear	711
https://regancipher.squig.link/data/Ikko%20Activebuds%20L.txt	IKKO Activebuds	IKKO ActiveBuds	in-ear	711
https://regancipher.squig.link/data/Ikko%20Activebuds%20R.txt	IKKO Activebuds	IKKO ActiveBuds	in-ear	711
https://regancipher.squig.link/data/Ikko%20Activebuds%20Elect%20L.txt	IKKO Activebuds Electro Preset	IKKO Activebuds Electro Preset	ignore	711
https://regancipher.squig.link/data/Ikko%20Activebuds%20Elect%20R.txt	IKKO Activebuds Electro Preset	IKKO Activebuds Electro Preset	ignore	711
https://regancipher.squig.link/data/IKKO%20OH300%20L.txt	IKKO OH300	IKKO OH300	in-ear	711
https://regancipher.squig.link/data/IKKO%20OH300%20R.txt	IKKO OH300	IKKO OH300	in-ear	711
https://regancipher.squig.link/data/KB%20Ear%20KS1%20L.txt	KB Ear KS1	KBEAR KS1	in-ear	711
https://regancipher.squig.link/data/KB%20Ear%20KS1%20R.txt	KB Ear KS1	KBEAR KS1	in-ear	711
https://regancipher.squig.link/data/KB%20Ear%20Lark%20L.txt	KB Ear Lark	KBEAR Lark	in-ear	711
https://regancipher.squig.link/data/KB%20Ear%20Lark%20R.txt	KB Ear Lark	KBEAR Lark	in-ear	711
https://regancipher.squig.link/data/Kefine%20Delci%20L.txt	Kefine Delci	KEFINE Delci	in-ear	711
https://regancipher.squig.link/data/Kefine%20Delci%20R.txt	Kefine Delci	KEFINE Delci	in-ear	711
https://regancipher.squig.link/data/Kefine%20Delci%20AE%20Gold%20L.txt	Kefine Delci AE (ANC off, Gold Nozzle)	KEFINE Delci AE (ANC off, gold nozzle)	in-ear	711
https://regancipher.squig.link/data/Kefine%20Delci%20AE%20Gold%20R.txt	Kefine Delci AE (ANC off, Gold Nozzle)	KEFINE Delci AE (ANC off, gold nozzle)	in-ear	711
https://regancipher.squig.link/data/Kefine%20Delci%20AE%20Silver%20L.txt	Kefine Delci AE (ANC off, Silver Nozzle)	KEFINE Delci AE (ANC off, silver nozzle)	in-ear	711
https://regancipher.squig.link/data/Kefine%20Delci%20AE%20Silver%20R.txt	Kefine Delci AE (ANC off, Silver Nozzle)	KEFINE Delci AE (ANC off, silver nozzle)	in-ear	711
https://regancipher.squig.link/data/Kefine%20Klean%20Black%20L.txt	Kefine Klean (ANC off, Black Nozzle)	KEFINE Klean (ANC off, black nozzle)	in-ear	711
https://regancipher.squig.link/data/Kefine%20Klean%20Black%20R.txt	Kefine Klean (ANC off, Black Nozzle)	KEFINE Klean (ANC off, black nozzle)	in-ear	711
https://regancipher.squig.link/data/Kefine%20Klean%20Silver%20L.txt	Kefine Klean (ANC off, Silver Nozzle)	KEFINE Klean (ANC off, silver nozzle)	in-ear	711
https://regancipher.squig.link/data/Kefine%20Klean%20Silver%20R.txt	Kefine Klean (ANC off, Silver Nozzle)	KEFINE Klean (ANC off, silver nozzle)	in-ear	711
https://regancipher.squig.link/data/KZ%20AM16%20Bass%20Improved%20L.txt	KZ AM16 Bass Improved	KZ AM16 Bass Improved	ignore	711
https://regancipher.squig.link/data/KZ%20AM16%20Bass%20Improved%20R.txt	KZ AM16 Bass Improved	KZ AM16 Bass Improved	ignore	711
https://regancipher.squig.link/data/KZ%20Carol%20ANC%20off%20L.txt	KZ Carol (ANC off, Default)	KZ Carol (ANC off)	in-ear	711
https://regancipher.squig.link/data/KZ%20Carol%20ANC%20off%20R.txt	KZ Carol (ANC off, Default)	KZ Carol (ANC off)	in-ear	711
https://regancipher.squig.link/data/KZ%20Carol%20ANC%20on%20L.txt	KZ Carol (ANC on, Default)	KZ Carol (ANC on)	in-ear	711
https://regancipher.squig.link/data/KZ%20Carol%20ANC%20on%20R.txt	KZ Carol (ANC on, Default)	KZ Carol (ANC on)	in-ear	711
https://regancipher.squig.link/data/KZ%20Carol%20Pro%20L.txt	KZ Carol Pro (ANC off, Default)	KZ Carol Pro (ANC off)	in-ear	711
https://regancipher.squig.link/data/KZ%20Carol%20Pro%20R.txt	KZ Carol Pro (ANC off, Default)	KZ Carol Pro (ANC off)	in-ear	711
https://regancipher.squig.link/data/KZ%20Carol%20Pro%20ANC%20L.txt	KZ Carol Pro (ANC on, Default)	KZ Carol Pro (ANC on)	in-ear	711
https://regancipher.squig.link/data/KZ%20Carol%20Pro%20ANC%20R.txt	KZ Carol Pro (ANC on, Default)	KZ Carol Pro (ANC on)	in-ear	711
https://regancipher.squig.link/data/KZ%20SKS%20R.txt	KZ SKS	KZ SKS	in-ear	711
https://regancipher.squig.link/data/KZ%20Saga%20L.txt	KZ Saga	KZ Saga	in-ear	711
https://regancipher.squig.link/data/KZ%20Saga%20R.txt	KZ Saga	KZ Saga	in-ear	711
https://regancipher.squig.link/data/KZ%20Saga%20BI%20L.txt	KZ Saga Bass Improved	KZ Saga Bass Improved	ignore	711
https://regancipher.squig.link/data/KZ%20Saga%20BI%20R.txt	KZ Saga Bass Improved	KZ Saga Bass Improved	ignore	711
https://regancipher.squig.link/data/KZ%20Xtra%20(ANC%20off)%20L.txt	KZ Xtra (ANC off, Default)	KZ Xtra (ANC off)	in-ear	711
https://regancipher.squig.link/data/KZ%20Xtra%20(ANC%20off)%20R.txt	KZ Xtra (ANC off, Default)	KZ Xtra (ANC off)	in-ear	711
https://regancipher.squig.link/data/KZ%20Xtra%20L.txt	KZ Xtra (ANC on, Default)	KZ Xtra (ANC on)	in-ear	711
https://regancipher.squig.link/data/KZ%20Xtra%20R.txt	KZ Xtra (ANC on, Default)	KZ Xtra (ANC on)	in-ear	711
https://regancipher.squig.link/data/KZ%20Zenith%20L.txt	KZ Zenith (ANC off, Basic Graph)	KZ Zenith (ANC off)	in-ear	711
https://regancipher.squig.link/data/KZ%20Zenith%20R.txt	KZ Zenith (ANC off, Basic Graph)	KZ Zenith (ANC off)	in-ear	711
https://regancipher.squig.link/data/KZ%20Zenith%20Pos%201%20L.txt	KZ Zenith (ANC off, Position 1)	KZ Zenith (ANC off, Position 1)	ignore	711
https://regancipher.squig.link/data/KZ%20Zenith%20Pos%201%20R.txt	KZ Zenith (ANC off, Position 1)	KZ Zenith (ANC off, Position 1)	ignore	711
https://regancipher.squig.link/data/KZ%20Zenith%20Pos%202%20L.txt	KZ Zenith (ANC off, Position 2)	KZ Zenith (ANC off, Position 2)	ignore	711
https://regancipher.squig.link/data/KZ%20Zenith%20Pos%202%20R.txt	KZ Zenith (ANC off, Position 2)	KZ Zenith (ANC off, Position 2)	ignore	711
https://regancipher.squig.link/data/KZ%20Zenith%20Pos%203%20L.txt	KZ Zenith (ANC off, Position 3)	KZ Zenith (ANC off, Position 3)	ignore	711
https://regancipher.squig.link/data/KZ%20Zenith%20Pos%203%20R.txt	KZ Zenith (ANC off, Position 3)	KZ Zenith (ANC off, Position 3)	ignore	711
https://regancipher.squig.link/data/KZ%20Zenith%20Pos%204%20L.txt	KZ Zenith (ANC off, Position 4)	KZ Zenith (ANC off, Position 4)	ignore	711
https://regancipher.squig.link/data/KZ%20Zenith%20Pos%204%20R.txt	KZ Zenith (ANC off, Position 4)	KZ Zenith (ANC off, Position 4)	ignore	711
https://regancipher.squig.link/data/Kiwi%20Ears%20Quintet%20L.txt	Kiwi Ears Quintet	Kiwi Ears Quintet	in-ear	711
https://regancipher.squig.link/data/Kiwi%20Ears%20Quintet%20R.txt	Kiwi Ears Quintet	Kiwi Ears Quintet	in-ear	711
https://regancipher.squig.link/data/MST2%20R.txt		MST2	ignore	711
https://regancipher.squig.link/data/MST2%20B%20L.txt		MST2 B	ignore	711
https://regancipher.squig.link/data/MST2%20B%20R.txt		MST2 B	ignore	711
https://regancipher.squig.link/data/Moondrop%20Block%20L.txt	Moondrop Block	Moondrop BLOCK	in-ear	711
https://regancipher.squig.link/data/Moondrop%20Block%20R.txt	Moondrop Block	Moondrop BLOCK	in-ear	711
https://regancipher.squig.link/data/Moondrop%20Chu%20L.txt	Moondrop Chu	Moondrop Chu	in-ear	711
https://regancipher.squig.link/data/Moondrop%20Chu%20R.txt	Moondrop Chu	Moondrop Chu	in-ear	711
https://regancipher.squig.link/data/ME%20CS%20L.txt	Moondrop Edge (ANC on, Country Style)	Moondrop Edge (ANC on, Country Style)	ignore	711
https://regancipher.squig.link/data/ME%20CS%20R.txt	Moondrop Edge (ANC on, Country Style)	Moondrop Edge (ANC on, Country Style)	ignore	711
https://regancipher.squig.link/data/ME%20EB%20L.txt	Moondrop Edge (ANC on, Extra Bass)	Moondrop Edge (ANC on, Extra Bass)	ignore	711
https://regancipher.squig.link/data/ME%20EB%20R.txt	Moondrop Edge (ANC on, Extra Bass)	Moondrop Edge (ANC on, Extra Bass)	ignore	711
https://regancipher.squig.link/data/ME%20OSS%20L.txt	Moondrop Edge (ANC on, Old Studio Style)	Moondrop Edge (ANC on, Old Studio Style)	ignore	711
https://regancipher.squig.link/data/ME%20OSS%20R.txt	Moondrop Edge (ANC on, Old Studio Style)	Moondrop Edge (ANC on, Old Studio Style)	ignore	711
https://regancipher.squig.link/data/ME%20VS%20L.txt	Moondrop Edge (ANC on, Violin Solo)	Moondrop Edge (ANC on, Violin Solo)	ignore	711
https://regancipher.squig.link/data/ME%20VS%20R.txt	Moondrop Edge (ANC on, Violin Solo)	Moondrop Edge (ANC on, Violin Solo)	ignore	711
https://regancipher.squig.link/data/ME%20ANC%20L.txt	Moondrop Edge (ANC on, Reference)	Moondrop Edge (ANC on, reference)	over-ear	711
https://regancipher.squig.link/data/ME%20ANC%20R.txt	Moondrop Edge (ANC on, Reference)	Moondrop Edge (ANC on, reference)	over-ear	711
https://regancipher.squig.link/data/Moondrop%20Edge%20A%20L.txt		Moondrop Edge A	ignore	711
https://regancipher.squig.link/data/Moondrop%20Edge%20A%20R.txt		Moondrop Edge A	ignore	711
https://regancipher.squig.link/data/Moondrop%20Moca%20L.txt	Moondrop Moca (ANC off, Default)	Moondrop Moca (ANC off, Default)	ignore	711
https://regancipher.squig.link/data/Moondrop%20Moca%20R.txt	Moondrop Moca (ANC off, Default)	Moondrop Moca (ANC off, Default)	ignore	711
https://regancipher.squig.link/data/Moondrop%20Moca%20Solis%20Bass%20L.txt	Moondrop Moca (ANC off, Solis Bass)	Moondrop Moca (ANC off, Solis Bass)	ignore	711
https://regancipher.squig.link/data/Moondrop%20Moca%20Solis%20Bass%20R.txt	Moondrop Moca (ANC off, Solis Bass)	Moondrop Moca (ANC off, Solis Bass)	ignore	711
https://regancipher.squig.link/data/Moondrop%20Moca%20UB%20L.txt	Moondrop Moca (ANC off, Ultra Bass)	Moondrop Moca (ANC off, Ultra Bass)	ignore	711
https://regancipher.squig.link/data/Moondrop%20Moca%20UB%20R.txt	Moondrop Moca (ANC off, Ultra Bass)	Moondrop Moca (ANC off, Ultra Bass)	ignore	711
https://regancipher.squig.link/data/Moondrop%20Moca%20Ref%20L.txt	Moondrop Moca (ANC off, Reference)	Moondrop Moca (ANC off, reference)	in-ear	711
https://regancipher.squig.link/data/Moondrop%20Moca%20Ref%20R.txt	Moondrop Moca (ANC off, Reference)	Moondrop Moca (ANC off, reference)	in-ear	711
https://regancipher.squig.link/data/Moondrop%20Moca%20ANC%20L.txt	Moondrop Moca (ANC on, Default)	Moondrop Moca (ANC on, Default)	ignore	711
https://regancipher.squig.link/data/Moondrop%20Moca%20ANC%20R.txt	Moondrop Moca (ANC on, Default)	Moondrop Moca (ANC on, Default)	ignore	711
https://regancipher.squig.link/data/Moondrop%20Moca%20Solis%20Bass%20ANC%20L.txt	Moondrop Moca (ANC on, Solis Bass)	Moondrop Moca (ANC on, Solis Bass)	ignore	711
https://regancipher.squig.link/data/Moondrop%20Moca%20Solis%20Bass%20ANC%20R.txt	Moondrop Moca (ANC on, Solis Bass)	Moondrop Moca (ANC on, Solis Bass)	ignore	711
https://regancipher.squig.link/data/Moondrop%20Moca%20ANC%20UB%20L.txt	Moondrop Moca (ANC on, Ultra Bass)	Moondrop Moca (ANC on, Ultra Bass)	ignore	711
https://regancipher.squig.link/data/Moondrop%20Moca%20ANC%20UB%20R.txt	Moondrop Moca (ANC on, Ultra Bass)	Moondrop Moca (ANC on, Ultra Bass)	ignore	711
https://regancipher.squig.link/data/Moondrop%20Moca%20ANC%20Ref%20L.txt	Moondrop Moca (ANC on, Reference)	Moondrop Moca (ANC on, reference)	in-ear	711
https://regancipher.squig.link/data/Moondrop%20Moca%20ANC%20Ref%20R.txt	Moondrop Moca (ANC on, Reference)	Moondrop Moca (ANC on, reference)	in-ear	711
https://regancipher.squig.link/data/Moondrop%20Pill%20Bass%20Plus%20L.txt	Moondrop Pill (ANC off, Bass Plus)	Moondrop Pill (ANC off, Bass Plus)	ignore	711
https://regancipher.squig.link/data/Moondrop%20Pill%20Bass%20Plus%20R.txt	Moondrop Pill (ANC off, Bass Plus)	Moondrop Pill (ANC off, Bass Plus)	ignore	711
https://regancipher.squig.link/data/Moondrop%20Pill%20Reference%20L.txt	Moondrop Pill (ANC off, Reference)	Moondrop Pill (ANC off, Reference)	ignore	711
https://regancipher.squig.link/data/Moondrop%20Pill%20Reference%20R.txt	Moondrop Pill (ANC off, Reference)	Moondrop Pill (ANC off, Reference)	ignore	711
https://regancipher.squig.link/data/Moondrop%20Space%20Travel%20L.txt	Moondrop Space Travel	Moondrop Space Travel	in-ear	711
https://regancipher.squig.link/data/Moondrop%20Space%20Travel%20R.txt	Moondrop Space Travel	Moondrop Space Travel	in-ear	711
https://regancipher.squig.link/data/Moondrop%20Space%20Travel%202%20ANC%20L.txt		Moondrop Space Travel 2 (ANC on)	in-ear	711
https://regancipher.squig.link/data/Moondrop%20Space%20Travel%202%20ANC%20R.txt		Moondrop Space Travel 2 (ANC on)	in-ear	711
https://regancipher.squig.link/data/Ultrasonic%2089XX%20L.txt	Moondrop Ultrasonic (ANC on, 89XX)	Moondrop Ultrasonic (ANC on, 89XX)	ignore	711
https://regancipher.squig.link/data/Ultrasonic%2089XX%20R.txt	Moondrop Ultrasonic (ANC on, 89XX)	Moondrop Ultrasonic (ANC on, 89XX)	ignore	711
https://regancipher.squig.link/data/Ultrasonic%20Club%20L.txt	Moondrop Ultrasonic (ANC on, Club)	Moondrop Ultrasonic (ANC on, Club)	ignore	711
https://regancipher.squig.link/data/Ultrasonic%20Club%20R.txt	Moondrop Ultrasonic (ANC on, Club)	Moondrop Ultrasonic (ANC on, Club)	ignore	711
https://regancipher.squig.link/data/Ultrasonic%20Mon%20L.txt	Moondrop Ultrasonic (ANC on, Monitor)	Moondrop Ultrasonic (ANC on, Monitor)	ignore	711
https://regancipher.squig.link/data/Ultrasonic%20Mon%20R.txt	Moondrop Ultrasonic (ANC on, Monitor)	Moondrop Ultrasonic (ANC on, Monitor)	ignore	711
https://regancipher.squig.link/data/Ultrasonic%20Ref%20L.txt	Moondrop Ultrasonic (ANC on, Reference)	Moondrop Ultrasonic (ANC on, reference)	in-ear	711
https://regancipher.squig.link/data/Ultrasonic%20Ref%20R.txt	Moondrop Ultrasonic (ANC on, Reference)	Moondrop Ultrasonic (ANC on, reference)	in-ear	711
https://regancipher.squig.link/data/Morph%20Infiniconnect%20L.txt	Morph Infiniconnect	Morph Infiniconnect	ignore	
https://regancipher.squig.link/data/Morph%20Infiniconnect%20R.txt	Morph Infiniconnect	Morph Infiniconnect	ignore	
https://regancipher.squig.link/data/Oladance%20OWS%20Sport%20L.txt	Oladance OWS Sport (ANC off, Default)	Oladance OWS Sport (ANC off)	earbud	711
https://regancipher.squig.link/data/Oladance%20OWS%20Sport%20R.txt	Oladance OWS Sport (ANC off, Default)	Oladance OWS Sport (ANC off)	earbud	711
https://regancipher.squig.link/data/Oladance%20OWS%20Sport%20BB%20L.txt	Oladance OWS Sport (ANC off, Surging Bass)	Oladance OWS Sport (ANC off, Surging Bass)	ignore	711
https://regancipher.squig.link/data/Oladance%20OWS%20Sport%20BB%20R.txt	Oladance OWS Sport (ANC off, Surging Bass)	Oladance OWS Sport (ANC off, Surging Bass)	ignore	711
https://regancipher.squig.link/data/OneOdio%20A10%20L.txt	OneOdio A10	OneOdio A10	over-ear	KB500x + 711
https://regancipher.squig.link/data/OneOdio%20A10%20R.txt	OneOdio A10	OneOdio A10	over-ear	KB500x + 711
https://regancipher.squig.link/data/OneOdio%20OpenRock%20Pro%20L.txt	OneOdio OpenRock Pro	OneOdio OpenRock Pro	earbud	KB500x + 711
https://regancipher.squig.link/data/OneOdio%20OpenRock%20Pro%20R.txt	OneOdio OpenRock Pro	OneOdio OpenRock Pro	earbud	KB500x + 711
https://regancipher.squig.link/data/OneOdio%20OpenRock%20S%20L.txt	OneOdio OpenRock S	OneOdio OpenRock S	earbud	KB500x + 711
https://regancipher.squig.link/data/OneOdio%20OpenRock%20S%20R.txt	OneOdio OpenRock S	OneOdio OpenRock S	earbud	KB500x + 711
https://regancipher.squig.link/data/OneOdio%20OpenRock%20X%20L.txt		OneOdio OpenRock X	earbud	711
https://regancipher.squig.link/data/OneOdio%20OpenRock%20X%20R.txt		OneOdio OpenRock X	earbud	711
https://regancipher.squig.link/data/OpenRock%20X%202%20L.txt	OneOdio OpenRock X (ANC off, Default)	OneOdio OpenRock X (ANC off)	earbud	711
https://regancipher.squig.link/data/OpenRock%20X%202%20R.txt	OneOdio OpenRock X (ANC off, Default)	OneOdio OpenRock X (ANC off)	earbud	711
https://regancipher.squig.link/data/OpenRock%20X%20Boom%20L.txt	OneOdio OpenRock X (ANC off, Boom Mode)	OneOdio OpenRock X (ANC off, Boom Mode)	ignore	711
https://regancipher.squig.link/data/OpenRock%20X%20Boom%20R.txt	OneOdio OpenRock X (ANC off, Boom Mode)	OneOdio OpenRock X (ANC off, Boom Mode)	ignore	711
https://regancipher.squig.link/data/OpenRock%20X%20Relax%20L.txt	OneOdio OpenRock X (ANC off, Relax Mode)	OneOdio OpenRock X (ANC off, Relax Mode)	ignore	711
https://regancipher.squig.link/data/OpenRock%20X%20Relax%20R.txt	OneOdio OpenRock X (ANC off, Relax Mode)	OneOdio OpenRock X (ANC off, Relax Mode)	ignore	711
https://regancipher.squig.link/data/OnePlus%20Buds%203%20L.txt	OnePlus Buds 3	OnePlus Buds 3	in-ear	711
https://regancipher.squig.link/data/OnePlus%20Buds%203%20R.txt	OnePlus Buds 3	OnePlus Buds 3	in-ear	711
https://regancipher.squig.link/data/OnePlus%20Buds%203%20ANC%20L.txt	OnePlus Buds 3 (ANC on, Original Sound)	OnePlus Buds 3 (ANC on)	in-ear	711
https://regancipher.squig.link/data/OnePlus%20Buds%203%20ANC%20R.txt	OnePlus Buds 3 (ANC on, Original Sound)	OnePlus Buds 3 (ANC on)	in-ear	711
https://regancipher.squig.link/data/OnePlus%20Buds%203%20Ba%20L.txt	OnePlus Buds 3 (ANC on, Bass)	OnePlus Buds 3 (ANC on, Bass)	ignore	711
https://regancipher.squig.link/data/OnePlus%20Buds%203%20Ba%20R.txt	OnePlus Buds 3 (ANC on, Bass)	OnePlus Buds 3 (ANC on, Bass)	ignore	711
https://regancipher.squig.link/data/OnePlus%20Buds%203%20Bo%20L.txt	OnePlus Buds 3 (ANC on, Bold)	OnePlus Buds 3 (ANC on, Bold)	ignore	711
https://regancipher.squig.link/data/OnePlus%20Buds%203%20Bo%20R.txt	OnePlus Buds 3 (ANC on, Bold)	OnePlus Buds 3 (ANC on, Bold)	ignore	711
https://regancipher.squig.link/data/OnePlus%20Buds%203%20S%20L.txt	OnePlus Buds 3 (ANC on, Serenade)	OnePlus Buds 3 (ANC on, Serenade)	ignore	711
https://regancipher.squig.link/data/OnePlus%20Buds%203%20S%20R.txt	OnePlus Buds 3 (ANC on, Serenade)	OnePlus Buds 3 (ANC on, Serenade)	ignore	711
https://regancipher.squig.link/data/OnePlus%20Buds%20Pro%20L.txt	OnePlus Buds Pro	OnePlus Buds Pro	in-ear	711
https://regancipher.squig.link/data/OnePlus%20Buds%20Pro%20R.txt	OnePlus Buds Pro	OnePlus Buds Pro	in-ear	711
https://regancipher.squig.link/data/OPBP3%20L.txt	OnePlus Buds Pro 3 (ANC off, Balanced)	OnePlus Buds Pro 3 (ANC off, Balanced)	ignore	711
https://regancipher.squig.link/data/OPBP3%20R.txt	OnePlus Buds Pro 3 (ANC off, Balanced)	OnePlus Buds Pro 3 (ANC off, Balanced)	ignore	711
https://regancipher.squig.link/data/OPBP3%20ANC%20L.txt	OnePlus Buds Pro 3 (ANC on, Balanced)	OnePlus Buds Pro 3 (ANC on, Balanced)	ignore	711
https://regancipher.squig.link/data/OPBP3%20ANC%20R.txt	OnePlus Buds Pro 3 (ANC on, Balanced)	OnePlus Buds Pro 3 (ANC on, Balanced)	ignore	711
https://regancipher.squig.link/data/OPBP3%20Bass%20L.txt	OnePlus Buds Pro 3 (ANC on, Bass)	OnePlus Buds Pro 3 (ANC on, Bass)	ignore	711
https://regancipher.squig.link/data/OPBP3%20Bass%20R.txt	OnePlus Buds Pro 3 (ANC on, Bass)	OnePlus Buds Pro 3 (ANC on, Bass)	ignore	711
https://regancipher.squig.link/data/OPBP3%20Bold%20L.txt	OnePlus Buds Pro 3 (ANC on, Bold)	OnePlus Buds Pro 3 (ANC on, Bold)	ignore	711
https://regancipher.squig.link/data/OPBP3%20Bold%20R.txt	OnePlus Buds Pro 3 (ANC on, Bold)	OnePlus Buds Pro 3 (ANC on, Bold)	ignore	711
https://regancipher.squig.link/data/OPBP3%20Dyn%20L.txt	OnePlus Buds Pro 3 (ANC on, Dynaudio featured)	OnePlus Buds Pro 3 (ANC on, Dynaudio featured)	ignore	711
https://regancipher.squig.link/data/OPBP3%20Dyn%20R.txt	OnePlus Buds Pro 3 (ANC on, Dynaudio featured)	OnePlus Buds Pro 3 (ANC on, Dynaudio featured)	ignore	711
https://regancipher.squig.link/data/OPBP3%20S%20L.txt	OnePlus Buds Pro 3 (ANC on, Serenade)	OnePlus Buds Pro 3 (ANC on, Serenade)	ignore	711
https://regancipher.squig.link/data/OPBP3%20S%20R.txt	OnePlus Buds Pro 3 (ANC on, Serenade)	OnePlus Buds Pro 3 (ANC on, Serenade)	ignore	711
https://regancipher.squig.link/data/Oppo%20Enco%20Air3%20L.txt	Oppo Enco Air3	Oppo Enco Air3	earbud	KB500x + 711
https://regancipher.squig.link/data/Oppo%20Enco%20Air3%20R.txt	Oppo Enco Air3	Oppo Enco Air3	earbud	KB500x + 711
https://regancipher.squig.link/data/Oppo%20Enco%20X2%20R.txt	Oppo Enco X2	Oppo Enco X2	in-ear	711
https://regancipher.squig.link/data/Oppo%20Enco%20X2%20(Dyn%20Real)%20L.txt	Oppo Enco X2 (ANC on, Dynaudio Real)	Oppo Enco X2 (ANC on, Dynaudio Real)	ignore	711
https://regancipher.squig.link/data/Oppo%20Enco%20X2%20(Dyn%20Real)%20R.txt	Oppo Enco X2 (ANC on, Dynaudio Real)	Oppo Enco X2 (ANC on, Dynaudio Real)	ignore	711
https://regancipher.squig.link/data/Oppo%20Enco%20X2%20(Dyn%20SS)%20L.txt	Oppo Enco X2 (ANC on, Dynaudio Simple & Clear)	Oppo Enco X2 (ANC on, Dynaudio Simple & Clear)	ignore	711
https://regancipher.squig.link/data/Oppo%20Enco%20X2%20(Dyn%20SS)%20R.txt	Oppo Enco X2 (ANC on, Dynaudio Simple & Clear)	Oppo Enco X2 (ANC on, Dynaudio Simple & Clear)	ignore	711
https://regancipher.squig.link/data/Oppo%20Enco%20X2%20(X%20Classic)%20L.txt	Oppo Enco X2 (ANC on, Enco X Classic)	Oppo Enco X2 (ANC on, Enco X Classic)	ignore	711
https://regancipher.squig.link/data/Oppo%20Enco%20X2%20(X%20Classic)%20R.txt	Oppo Enco X2 (ANC on, Enco X Classic)	Oppo Enco X2 (ANC on, Enco X Classic)	ignore	711
https://regancipher.squig.link/data/Primark%20Earbuds%20L.txt	Primark Earphones with Mic	Primark Earphones with Mic	ignore	711
https://regancipher.squig.link/data/Primark%20Earbuds%20R.txt	Primark Earphones with Mic	Primark Earphones with Mic	ignore	711
https://regancipher.squig.link/data/Project%20HRP%20L.txt		Project HRP	ignore	
https://regancipher.squig.link/data/Project%20HRP%20R.txt		Project HRP	ignore	
https://regancipher.squig.link/data/QCY%20Crossky%20C30%20L.txt	QCY Crossky C30	QCY Crossky C30	earbud	711
https://regancipher.squig.link/data/QCY%20Crossky%20C30%20R.txt	QCY Crossky C30	QCY Crossky C30	earbud	711
https://regancipher.squig.link/data/QCY%20G1%20L.txt	QCY G1	QCY G1	in-ear	711
https://regancipher.squig.link/data/QCY%20G1%20R.txt	QCY G1	QCY G1	in-ear	711
https://regancipher.squig.link/data/QCY%20H3%20L.txt	QCY H3	QCY H3	over-ear	711
https://regancipher.squig.link/data/QCY%20H3%20R.txt	QCY H3	QCY H3	over-ear	711
https://regancipher.squig.link/data/QCY%20H3%20ANC%20L.txt	QCY H3 (ANC on, Default)	QCY H3 (ANC on)	over-ear	711
https://regancipher.squig.link/data/QCY%20H3%20ANC%20R.txt	QCY H3 (ANC on, Default)	QCY H3 (ANC on)	over-ear	711
https://regancipher.squig.link/data/QCY%20H3%20Pro%20L.txt	QCY H3 Pro (ANC off, Default)	QCY H3 Pro (ANC off)	over-ear	711
https://regancipher.squig.link/data/QCY%20H3%20Pro%20R.txt	QCY H3 Pro (ANC off, Default)	QCY H3 Pro (ANC off)	over-ear	711
https://regancipher.squig.link/data/QCY%20H3%20Pro%20ANC%20L.txt	QCY H3 Pro (ANC on, Default)	QCY H3 Pro (ANC on)	over-ear	711
https://regancipher.squig.link/data/QCY%20H3%20Pro%20ANC%20R.txt	QCY H3 Pro (ANC on, Default)	QCY H3 Pro (ANC on)	over-ear	711
https://regancipher.squig.link/data/QCY%20HT05%20Melobuds%20L.txt	QCY HT05 Melobuds	QCY HT05 Melobuds	in-ear	711
https://regancipher.squig.link/data/QCY%20HT05%20Melobuds%20R.txt	QCY HT05 Melobuds	QCY HT05 Melobuds	in-ear	711
https://regancipher.squig.link/data/QCY%20HT05%20ANC%20off%20L.txt	QCY HT05 Melobuds (ANC off, Default)	QCY HT05 Melobuds (ANC off)	in-ear	711
https://regancipher.squig.link/data/QCY%20HT05%20ANC%20off%20R.txt	QCY HT05 Melobuds (ANC off, Default)	QCY HT05 Melobuds (ANC off)	in-ear	711
https://regancipher.squig.link/data/QCY%20HT05%20ANC%20L.txt	QCY HT05 Melobuds (ANC on, Default)	QCY HT05 Melobuds (ANC on)	in-ear	711
https://regancipher.squig.link/data/QCY%20HT05%20ANC%20R.txt	QCY HT05 Melobuds (ANC on, Default)	QCY HT05 Melobuds (ANC on)	in-ear	711
https://regancipher.squig.link/data/QCY%20HT07%20L.txt	QCY HT07 Arcbuds	QCY HT07 Arcbuds	in-ear	711
https://regancipher.squig.link/data/QCY%20HT07%20R.txt	QCY HT07 Arcbuds	QCY HT07 Arcbuds	in-ear	711
https://regancipher.squig.link/data/QCY%20HT10%20(ANC%20off)%20L.txt	QCY HT10 AilyBuds Pro+ (ANC off, Default)	QCY HT10 AilyBuds Pro+ (ANC off)	in-ear	711
https://regancipher.squig.link/data/QCY%20HT10%20(ANC%20off)%20R.txt	QCY HT10 AilyBuds Pro+ (ANC off, Default)	QCY HT10 AilyBuds Pro+ (ANC off)	in-ear	711
https://regancipher.squig.link/data/QCY%20HT10%20(ANC%20on)%20L.txt	QCY HT10 AilyBuds Pro+ (ANC on, Default)	QCY HT10 AilyBuds Pro+ (ANC on)	in-ear	711
https://regancipher.squig.link/data/QCY%20HT10%20(ANC%20on)%20R.txt	QCY HT10 AilyBuds Pro+ (ANC on, Default)	QCY HT10 AilyBuds Pro+ (ANC on)	in-ear	711
https://regancipher.squig.link/data/QCY%20Melobuds%20Pro%20ANC%20off%20L.txt	QCY Melobuds Pro (ANC off, Default)	QCY Melobuds Pro (ANC off)	in-ear	711
https://regancipher.squig.link/data/QCY%20Melobuds%20Pro%20ANC%20off%20R.txt	QCY Melobuds Pro (ANC off, Default)	QCY Melobuds Pro (ANC off)	in-ear	711
https://regancipher.squig.link/data/QCY%20Melobuds%20Pro%20ANC%20L.txt	QCY Melobuds Pro (ANC on, Default)	QCY Melobuds Pro (ANC on)	in-ear	711
https://regancipher.squig.link/data/QCY%20Melobuds%20Pro%20ANC%20R.txt	QCY Melobuds Pro (ANC on, Default)	QCY Melobuds Pro (ANC on)	in-ear	711
https://regancipher.squig.link/data/QCY%20T13%20L.txt	QCY T13	QCY T13	in-ear	711
https://regancipher.squig.link/data/QCY%20T13%20R.txt	QCY T13	QCY T13	in-ear	711
https://regancipher.squig.link/data/QCY%20T16%20R.txt	QCY T16	QCY T16	in-ear	711
https://regancipher.squig.link/data/QCY%20T17%20L.txt	QCY T18	QCY T17	in-ear	711
https://regancipher.squig.link/data/QCY%20T17%20R.txt	QCY T18	QCY T17	in-ear	711
https://regancipher.squig.link/data/QCY%20T18%20L.txt		QCY T18	in-ear	711
https://regancipher.squig.link/data/QCY%20T18%20R.txt		QCY T18	in-ear	711
https://regancipher.squig.link/data/QCY%20T20%20L.txt	QCY T20	QCY T20	in-ear	711
https://regancipher.squig.link/data/QCY%20T20%20R.txt	QCY T20	QCY T20	in-ear	711
https://regancipher.squig.link/data/Realme%20BA6P%20Pure%20L.txt		Realme BA6P Pure	ignore	711
https://regancipher.squig.link/data/Realme%20BA6P%20Pure%20R.txt		Realme BA6P Pure	ignore	711
https://regancipher.squig.link/data/Realme%20Buds%20Air%205%20Pro%20Deep%20Bass%20L.txt		Realme Buds Air 5 Pro Deep Bass	ignore	711
https://regancipher.squig.link/data/Realme%20Buds%20Air%205%20Pro%20Deep%20Bass%20R.txt		Realme Buds Air 5 Pro Deep Bass	ignore	711
https://regancipher.squig.link/data/Realme%20Buds%20Air%205%20Pro%20Pure%20Bass%20L.txt		Realme Buds Air 5 Pro Pure Bass	ignore	711
https://regancipher.squig.link/data/Realme%20Buds%20Air%205%20Pro%20Pure%20Bass%20R.txt		Realme Buds Air 5 Pro Pure Bass	ignore	711
https://regancipher.squig.link/data/Realme%20Buds%20Air%205%20Pro%20Serenade%20R.txt		Realme Buds Air 5 Pro Serenade	ignore	711
https://regancipher.squig.link/data/Realme%20BA6P%20Deep%20L.txt	Realme Buds Air 6 Pro (ANC on, Deep Bass)	Realme Buds Air 6 Pro (ANC on, Deep Bass)	ignore	711
https://regancipher.squig.link/data/Realme%20BA6P%20Deep%20R.txt	Realme Buds Air 6 Pro (ANC on, Deep Bass)	Realme Buds Air 6 Pro (ANC on, Deep Bass)	ignore	711
https://regancipher.squig.link/data/Realme%20BA6P%20DB3%20L.txt	Realme Buds Air 6 Pro (ANC on, Dynamic Bass +3)	Realme Buds Air 6 Pro (ANC on, Dynamic Bass +3)	ignore	711
https://regancipher.squig.link/data/Realme%20BA6P%20DB3%20R.txt	Realme Buds Air 6 Pro (ANC on, Dynamic Bass +3)	Realme Buds Air 6 Pro (ANC on, Dynamic Bass +3)	ignore	711
https://regancipher.squig.link/data/Realme%20BA6P%20DB5%20L.txt	Realme Buds Air 6 Pro (ANC on, Dynamic Bass +5)	Realme Buds Air 6 Pro (ANC on, Dynamic Bass +5)	ignore	711
https://regancipher.squig.link/data/Realme%20BA6P%20DB5%20R.txt	Realme Buds Air 6 Pro (ANC on, Dynamic Bass +5)	Realme Buds Air 6 Pro (ANC on, Dynamic Bass +5)	ignore	711
https://regancipher.squig.link/data/Realme%20Buds%20Air%206%20Pro%20GS%20L.txt	Realme Buds Air 6 Pro (ANC on, Golden Sound)	Realme Buds Air 6 Pro (ANC on, Golden Sound)	ignore	711
https://regancipher.squig.link/data/Realme%20Buds%20Air%206%20Pro%20GS%20R.txt	Realme Buds Air 6 Pro (ANC on, Golden Sound)	Realme Buds Air 6 Pro (ANC on, Golden Sound)	ignore	711
https://regancipher.squig.link/data/Realme%20BA6P%20Serenade%20L.txt	Realme Buds Air 6 Pro (ANC on, Serenade)	Realme Buds Air 6 Pro (ANC on, Serenade)	ignore	711
https://regancipher.squig.link/data/Realme%20BA6P%20Serenade%20R.txt	Realme Buds Air 6 Pro (ANC on, Serenade)	Realme Buds Air 6 Pro (ANC on, Serenade)	ignore	711
https://regancipher.squig.link/data/RBA7P%20CB%20L.txt	Realme Buds Air 7 Pro (ANC on, Clear Bass)	Realme Buds Air 7 Pro (ANC on, Clear Bass)	ignore	711
https://regancipher.squig.link/data/RBA7P%20CB%20R.txt	Realme Buds Air 7 Pro (ANC on, Clear Bass)	Realme Buds Air 7 Pro (ANC on, Clear Bass)	ignore	711
https://regancipher.squig.link/data/RBA7P%20DB%20L.txt	Realme Buds Air 7 Pro (ANC on, Deep Bass)	Realme Buds Air 7 Pro (ANC on, Deep Bass)	ignore	711
https://regancipher.squig.link/data/RBA7P%20DB%20R.txt	Realme Buds Air 7 Pro (ANC on, Deep Bass)	Realme Buds Air 7 Pro (ANC on, Deep Bass)	ignore	711
https://regancipher.squig.link/data/RBA7P%20S%20L.txt	Realme Buds Air 7 Pro (ANC on, Serenade)	Realme Buds Air 7 Pro (ANC on, Serenade)	ignore	711
https://regancipher.squig.link/data/RBA7P%20S%20R.txt	Realme Buds Air 7 Pro (ANC on, Serenade)	Realme Buds Air 7 Pro (ANC on, Serenade)	ignore	711
https://regancipher.squig.link/data/Redmi%20Buds%206%20Pro%20off%20L.txt	Redmi Buds 6 Pro (ANC off, Default)	Redmi Buds 6 Pro (ANC off)	in-ear	711
https://regancipher.squig.link/data/Redmi%20Buds%206%20Pro%20off%20R.txt	Redmi Buds 6 Pro (ANC off, Default)	Redmi Buds 6 Pro (ANC off)	in-ear	711
https://regancipher.squig.link/data/Redmi%20Buds%206%20Pro%20ANC%20L.txt	Redmi Buds 6 Pro (ANC on, Default)	Redmi Buds 6 Pro (ANC on)	in-ear	711
https://regancipher.squig.link/data/Redmi%20Buds%206%20Pro%20ANC%20R.txt	Redmi Buds 6 Pro (ANC on, Default)	Redmi Buds 6 Pro (ANC on)	in-ear	711
https://regancipher.squig.link/data/Redmi%20Buds%206%20Pro%20AEB%20L.txt	Redmi Buds 6 Pro (ANC on, Extra Bass)	Redmi Buds 6 Pro (ANC on, Extra Bass)	ignore	711
https://regancipher.squig.link/data/Redmi%20Buds%206%20Pro%20AEB%20R.txt	Redmi Buds 6 Pro (ANC on, Extra Bass)	Redmi Buds 6 Pro (ANC on, Extra Bass)	ignore	711
https://regancipher.squig.link/data/Redmi%20Buds%206%20Pro%20AET%20L.txt	Redmi Buds 6 Pro (ANC on, Extra Treble)	Redmi Buds 6 Pro (ANC on, Extra Treble)	ignore	711
https://regancipher.squig.link/data/Redmi%20Buds%206%20Pro%20AET%20R.txt	Redmi Buds 6 Pro (ANC on, Extra Treble)	Redmi Buds 6 Pro (ANC on, Extra Treble)	ignore	711
https://regancipher.squig.link/data/Redmi%20Buds%206%20Pro%20AEV%20L.txt	Redmi Buds 6 Pro (ANC on, Extra Voice)	Redmi Buds 6 Pro (ANC on, Extra Voice)	ignore	711
https://regancipher.squig.link/data/Redmi%20Buds%206%20Pro%20AEV%20R.txt	Redmi Buds 6 Pro (ANC on, Extra Voice)	Redmi Buds 6 Pro (ANC on, Extra Voice)	ignore	711
https://regancipher.squig.link/data/Redmi%20Buds%206%20Pro%20T%20L.txt	Redmi Buds 6 Pro (Transparency, Default)	Redmi Buds 6 Pro (Transparency)	in-ear	711
https://regancipher.squig.link/data/Redmi%20Buds%206%20Pro%20T%20R.txt	Redmi Buds 6 Pro (Transparency, Default)	Redmi Buds 6 Pro (Transparency)	in-ear	711
https://regancipher.squig.link/data/Roseselsa%20Ceramics%20X%20Hifi%20L.txt	RoseSelsa Ceramics-X (ANC off, Hifi)	Rose Technics Ceramics-X (ANC off, Hifi)	in-ear	711
https://regancipher.squig.link/data/Roseselsa%20Ceramics%20X%20Hifi%20R.txt	RoseSelsa Ceramics-X (ANC off, Hifi)	Rose Technics Ceramics-X (ANC off, Hifi)	in-ear	711
https://regancipher.squig.link/data/Roseselsa%20Ceramics%20X%20ANC%20Hifi%20L.txt	RoseSelsa Ceramics-X (ANC on, Hifi)	Rose Technics Ceramics-X (ANC on, Hifi)	in-ear	711
https://regancipher.squig.link/data/Roseselsa%20Ceramics%20X%20ANC%20Hifi%20R.txt	RoseSelsa Ceramics-X (ANC on, Hifi)	Rose Technics Ceramics-X (ANC on, Hifi)	in-ear	711
https://regancipher.squig.link/data/Rose%20Technics%20Earfree%20I3%20L.txt		Rose Technics Earfree i3	ignore	711
https://regancipher.squig.link/data/Rose%20Technics%20Earfree%20I3%20R.txt		Rose Technics Earfree i3	ignore	711
https://regancipher.squig.link/data/Rose%20Technics%20Earfree%20I3%20ANC%20OFF%20R.txt	Rose Technics Earfree-I3 Pop (ANC off)	Rose Technics Earfree-I3 Pop (ANC off)	ignore	711
https://regancipher.squig.link/data/Rose%20Technics%20Earfree%20I3%20ANC%20R.txt	Rose Technics Earfree-I3 Pop (ANC on)	Rose Technics Earfree-I3 Pop (ANC on)	ignore	711
https://regancipher.squig.link/data/Rose%20Technics%20Earfree%20I3%20T%20L.txt	Rose Technics Earfree-I3 Pop (Transparency)	Rose Technics Earfree-I3 Pop (Transparency)	ignore	711
https://regancipher.squig.link/data/Rose%20Technics%20Earfree%20I3%20T%20R.txt	Rose Technics Earfree-I3 Pop (Transparency)	Rose Technics Earfree-I3 Pop (Transparency)	ignore	711
https://regancipher.squig.link/data/Rose%20Technics%20Earfree%20I3%20Rock%20L.txt	Rose Technics Earfree-I3 Rock (ANC on)	Rose Technics Earfree-I3 Rock (ANC on)	ignore	711
https://regancipher.squig.link/data/Rose%20Technics%20Earfree%20I3%20Rock%20R.txt	Rose Technics Earfree-I3 Rock (ANC on)	Rose Technics Earfree-I3 Rock (ANC on)	ignore	711
https://regancipher.squig.link/data/Rose%20Technics%20Earfree%20I3%20Hifi%20L.txt	Rose Technics Earfree-I3 Hifi (ANC on)	Rose Technics Earfree-i3 (HiFi, ANC on)	ignore	711
https://regancipher.squig.link/data/Rose%20Technics%20Earfree%20I3%20Hifi%20R.txt	Rose Technics Earfree-I3 Hifi (ANC on)	Rose Technics Earfree-i3 (HiFi, ANC on)	ignore	711
https://regancipher.squig.link/data/Rose%20Technics%20Earfree%20I3%20ANC%20OFF%20L.txt	Rose Technics Earfree-I3 Pop (ANC off)	Rose Technics Earfree-i3 (pop, ANC off)	ignore	711
https://regancipher.squig.link/data/Rose%20Technics%20Earfree%20I3%20ANC%20L.txt	Rose Technics Earfree-I3 Pop (ANC on)	Rose Technics Earfree-i3 (pop, ANC on)	ignore	711
https://regancipher.squig.link/data/Rose%20Openfree%20Bal%20L.txt	RoseSelsa OpenFree (ANC off, Balanced)	Rose Technics OpenFree (ANC off, balanced)	in-ear	711
https://regancipher.squig.link/data/Rose%20Openfree%20Bal%20R.txt	RoseSelsa OpenFree (ANC off, Balanced)	Rose Technics OpenFree (ANC off, balanced)	in-ear	711
https://regancipher.squig.link/data/Roseselsa%20Ceramics%20X%20Pop%20L.txt	RoseSelsa Ceramics-X (ANC off, Pop)	RoseSelsa Ceramics-X (ANC off, Pop)	ignore	711
https://regancipher.squig.link/data/Roseselsa%20Ceramics%20X%20Pop%20R.txt	RoseSelsa Ceramics-X (ANC off, Pop)	RoseSelsa Ceramics-X (ANC off, Pop)	ignore	711
https://regancipher.squig.link/data/Roseselsa%20Ceramics%20X%20Rock%20L.txt	RoseSelsa Ceramics-X (ANC off, Rock)	RoseSelsa Ceramics-X (ANC off, Rock)	ignore	711
https://regancipher.squig.link/data/Roseselsa%20Ceramics%20X%20Rock%20R.txt	RoseSelsa Ceramics-X (ANC off, Rock)	RoseSelsa Ceramics-X (ANC off, Rock)	ignore	711
https://regancipher.squig.link/data/Roseselsa%20Ceramics%20X%20ANC%20Pop%20L.txt	RoseSelsa Ceramics-X (ANC on, Pop)	RoseSelsa Ceramics-X (ANC on, Pop)	ignore	711
https://regancipher.squig.link/data/Roseselsa%20Ceramics%20X%20ANC%20Pop%20R.txt	RoseSelsa Ceramics-X (ANC on, Pop)	RoseSelsa Ceramics-X (ANC on, Pop)	ignore	711
https://regancipher.squig.link/data/Roseselsa%20Ceramics%20X%20ANC%20Rock%20L.txt	RoseSelsa Ceramics-X (ANC on, Rock)	RoseSelsa Ceramics-X (ANC on, Rock)	ignore	711
https://regancipher.squig.link/data/Roseselsa%20Ceramics%20X%20ANC%20Rock%20R.txt	RoseSelsa Ceramics-X (ANC on, Rock)	RoseSelsa Ceramics-X (ANC on, Rock)	ignore	711
https://regancipher.squig.link/data/Rose%20Openfree%20Bass%20L.txt	RoseSelsa OpenFree (ANC off, Bass)	RoseSelsa OpenFree (ANC off, Bass)	ignore	711
https://regancipher.squig.link/data/Rose%20Openfree%20Bass%20R.txt	RoseSelsa OpenFree (ANC off, Bass)	RoseSelsa OpenFree (ANC off, Bass)	ignore	711
https://regancipher.squig.link/data/Samsung%20Galaxy%20Buds%203%20L.txt	Samsung Galaxy Buds 3 (ANC off, Default)	Samsung Galaxy Buds 3 (ANC off)	earbud	711
https://regancipher.squig.link/data/Samsung%20Galaxy%20Buds%203%20R.txt	Samsung Galaxy Buds 3 (ANC off, Default)	Samsung Galaxy Buds 3 (ANC off)	earbud	711
https://regancipher.squig.link/data/Samsung%20Galaxy%20Buds%203%20ANC%20L.txt	Samsung Galaxy Buds 3 (ANC on, Default)	Samsung Galaxy Buds 3 (ANC on)	earbud	711
https://regancipher.squig.link/data/Samsung%20Galaxy%20Buds%203%20ANC%20R.txt	Samsung Galaxy Buds 3 (ANC on, Default)	Samsung Galaxy Buds 3 (ANC on)	earbud	711
https://regancipher.squig.link/data/Samsung%20Galaxy%20Buds%20FE%20L.txt	Samsung Galaxy Buds FE	Samsung Galaxy Buds FE	in-ear	711
https://regancipher.squig.link/data/Samsung%20Galaxy%20Buds%20FE%20R.txt	Samsung Galaxy Buds FE	Samsung Galaxy Buds FE	in-ear	711
https://regancipher.squig.link/data/SGB%20FE%20Clear%20L.txt	Samsung Galaxy Buds FE (ANC on, Clear)	Samsung Galaxy Buds FE (ANC on, Clear)	ignore	711
https://regancipher.squig.link/data/SGB%20FE%20Clear%20R.txt	Samsung Galaxy Buds FE (ANC on, Clear)	Samsung Galaxy Buds FE (ANC on, Clear)	ignore	711
https://regancipher.squig.link/data/SGB%20FE%20Dyn%20L.txt	Samsung Galaxy Buds FE (ANC on, Dynamic)	Samsung Galaxy Buds FE (ANC on, Dynamic)	ignore	711
https://regancipher.squig.link/data/SGB%20FE%20Dyn%20R.txt	Samsung Galaxy Buds FE (ANC on, Dynamic)	Samsung Galaxy Buds FE (ANC on, Dynamic)	ignore	711
https://regancipher.squig.link/data/SGB%20FE%20Smooth%20L.txt	Samsung Galaxy Buds FE (ANC on, Smooth)	Samsung Galaxy Buds FE (ANC on, Smooth)	ignore	711
https://regancipher.squig.link/data/SGB%20FE%20Smooth%20R.txt	Samsung Galaxy Buds FE (ANC on, Smooth)	Samsung Galaxy Buds FE (ANC on, Smooth)	ignore	711
https://regancipher.squig.link/data/SGB%20FE%20Bal%20L.txt	Samsung Galaxy Buds FE (ANC on, Balanced)	Samsung Galaxy Buds FE (ANC on, balanced)	in-ear	711
https://regancipher.squig.link/data/Samsung%20Galaxy%20Buds%20Live%20L.txt	Samsung Buds Live	Samsung Galaxy Buds Live	earbud	711
https://regancipher.squig.link/data/Samsung%20Galaxy%20Buds%20Live%20R.txt	Samsung Buds Live	Samsung Galaxy Buds Live	earbud	711
https://regancipher.squig.link/data/Shokz%20OpenFit%20Air%20L.txt	Shokz OpenFit Air (ANC off, Default)	Shokz OpenFit Air (ANC off)	earbud	711
https://regancipher.squig.link/data/Shokz%20OpenFit%20Air%20R.txt	Shokz OpenFit Air (ANC off, Default)	Shokz OpenFit Air (ANC off)	earbud	711
https://regancipher.squig.link/data/Shokz%20OpenFit%20Air%20BB%20L.txt	Shokz OpenFit Air (ANC off, Bass Boost)	Shokz OpenFit Air (ANC off, Bass Boost)	ignore	711
https://regancipher.squig.link/data/Shokz%20OpenFit%20Air%20BB%20R.txt	Shokz OpenFit Air (ANC off, Bass Boost)	Shokz OpenFit Air (ANC off, Bass Boost)	ignore	711
https://regancipher.squig.link/data/Simgot%20EA1000%20Blue%20L.txt	Simgot EA1000 Blue	Simgot Audio EA1000 (blue nozzle)	in-ear	711
https://regancipher.squig.link/data/Simgot%20EA1000%20Blue%20R.txt	Simgot EA1000 Blue	Simgot Audio EA1000 (blue nozzle)	in-ear	711
https://regancipher.squig.link/data/Simgot%20EA1000%20Gold%20L.txt	Simgot EA1000 Gold	Simgot Audio EA1000 (gold nozzle)	in-ear	711
https://regancipher.squig.link/data/Simgot%20EA1000%20Gold%20R.txt	Simgot EA1000 Gold	Simgot Audio EA1000 (gold nozzle)	in-ear	711
https://regancipher.squig.link/data/Simgot%20EA1000%20Red%20L.txt	Simgot EA1000 Red	Simgot Audio EA1000 (red nozzle)	in-ear	711
https://regancipher.squig.link/data/Simgot%20EA1000%20Red%20R.txt	Simgot EA1000 Red	Simgot Audio EA1000 (red nozzle)	in-ear	711
https://regancipher.squig.link/data/Simgot%20EA500%20LM%20Blue%20L.txt	Simgot EA500 LM Silver Black	Simgot Audio EA500LM (black nozzle)	in-ear	711
https://regancipher.squig.link/data/Simgot%20EA500%20LM%20Blue%20R.txt	Simgot EA500 LM Silver Black	Simgot Audio EA500LM (black nozzle)	in-ear	711
https://regancipher.squig.link/data/Simgot%20EA500%20LM%20Gold%20L.txt	Simgot EA500 LM Gold Red	Simgot Audio EA500LM (gold nozzle)	in-ear	711
https://regancipher.squig.link/data/Simgot%20EA500%20LM%20Gold%20R.txt	Simgot EA500 LM Gold Red	Simgot Audio EA500LM (gold nozzle)	in-ear	711
https://regancipher.squig.link/data/Simgot%20EA500%20LM%20L.txt	Simgot EA500 LM Silver Red	Simgot Audio EA500LM (red nozzle)	in-ear	711
https://regancipher.squig.link/data/Simgot%20EA500%20LM%20R.txt	Simgot EA500 LM Silver Red	Simgot Audio EA500LM (red nozzle)	in-ear	711
https://regancipher.squig.link/data/Simgot%20EM6L%20L.txt	Simgot EM6L	Simgot Audio EM6L	in-ear	711
https://regancipher.squig.link/data/Simgot%20EM6L%20R.txt	Simgot EM6L	Simgot Audio EM6L	in-ear	711
https://regancipher.squig.link/data/Simgot%20EW200%20L.txt	Simgot EW200	Simgot Audio EW200	in-ear	711
https://regancipher.squig.link/data/Simgot%20EW200%20R.txt	Simgot EW200	Simgot Audio EW200	in-ear	711
https://regancipher.squig.link/data/SIMGOT%20Supermix4%20L.txt	Simgot Supermix 4	Simgot Audio SuperMix 4	in-ear	711
https://regancipher.squig.link/data/SIMGOT%20Supermix4%20R.txt	Simgot Supermix 4	Simgot Audio SuperMix 4	in-ear	711
https://regancipher.squig.link/data/Simgot%20EA1000%20L.txt		Simgot EA1000	ignore	
https://regancipher.squig.link/data/Simgot%20EA1000%20R.txt		Simgot EA1000	ignore	
https://regancipher.squig.link/data/SoundPEATS%20Breezy%20Dynamic%20EQ%20L.txt	SoundPEATS Breezy (ANC off, Dynamic EQ)	SoundPEATS Breezy (ANC off, Dynamic EQ)	ignore	711
https://regancipher.squig.link/data/SoundPEATS%20Breezy%20Dynamic%20EQ%20R.txt	SoundPEATS Breezy (ANC off, Dynamic EQ)	SoundPEATS Breezy (ANC off, Dynamic EQ)	ignore	711
https://regancipher.squig.link/data/Cap%20Class%20L.txt	SoundPEATS Capsule3 Pro+ (ANC on, Classical)	SoundPEATS Capsule3 Pro+ (ANC on, Classical)	ignore	711
https://regancipher.squig.link/data/Cap%20Class%20R.txt	SoundPEATS Capsule3 Pro+ (ANC on, Classical)	SoundPEATS Capsule3 Pro+ (ANC on, Classical)	ignore	711
https://regancipher.squig.link/data/Cap%20Electro%20L.txt	SoundPEATS Capsule3 Pro+ (ANC on, Electronic)	SoundPEATS Capsule3 Pro+ (ANC on, Electronic)	ignore	711
https://regancipher.squig.link/data/Cap%20Electro%20R.txt	SoundPEATS Capsule3 Pro+ (ANC on, Electronic)	SoundPEATS Capsule3 Pro+ (ANC on, Electronic)	ignore	711
https://regancipher.squig.link/data/Cap%20Folk%20L.txt	SoundPEATS Capsule3 Pro+ (ANC on, Folk)	SoundPEATS Capsule3 Pro+ (ANC on, Folk)	ignore	711
https://regancipher.squig.link/data/Cap%20Folk%20R.txt	SoundPEATS Capsule3 Pro+ (ANC on, Folk)	SoundPEATS Capsule3 Pro+ (ANC on, Folk)	ignore	711
https://regancipher.squig.link/data/Cap%20Pop%20L.txt	SoundPEATS Capsule3 Pro+ (ANC on, Pop)	SoundPEATS Capsule3 Pro+ (ANC on, Pop)	ignore	711
https://regancipher.squig.link/data/Cap%20Pop%20R.txt	SoundPEATS Capsule3 Pro+ (ANC on, Pop)	SoundPEATS Capsule3 Pro+ (ANC on, Pop)	ignore	711
https://regancipher.squig.link/data/SoundPEATS%20Capsule3%20Pro%20Plus%20RC%20EQ%20L.txt	SoundPEATS Capsule3 Pro+ (ANC on, ReganCipher EQ)	SoundPEATS Capsule3 Pro+ (ANC on, ReganCipher EQ)	ignore	711
https://regancipher.squig.link/data/SoundPEATS%20Capsule3%20Pro%20Plus%20RC%20EQ%20R.txt	SoundPEATS Capsule3 Pro+ (ANC on, ReganCipher EQ)	SoundPEATS Capsule3 Pro+ (ANC on, ReganCipher EQ)	ignore	711
https://regancipher.squig.link/data/Cap%20Rock%20L.txt	SoundPEATS Capsule3 Pro+ (ANC on, Rock)	SoundPEATS Capsule3 Pro+ (ANC on, Rock)	ignore	711
https://regancipher.squig.link/data/Cap%20Rock%20R.txt	SoundPEATS Capsule3 Pro+ (ANC on, Rock)	SoundPEATS Capsule3 Pro+ (ANC on, Rock)	ignore	711
https://regancipher.squig.link/data/SoundPEATS%20Air3%20L.txt	SoundPEATS Air3	SoundPeats Air3	in-ear	711
https://regancipher.squig.link/data/SoundPEATS%20Air3%20R.txt	SoundPEATS Air3	SoundPeats Air3	in-ear	711
https://regancipher.squig.link/data/SoundPEATS%20Air3%20Deluxe%20HS%20L.txt	SoundPEATS Air3 Deluxe HS	SoundPeats Air3 Deluxe HS	in-ear	711
https://regancipher.squig.link/data/SoundPEATS%20Air3%20Deluxe%20HS%20R.txt	SoundPEATS Air3 Deluxe HS	SoundPeats Air3 Deluxe HS	in-ear	711
https://regancipher.squig.link/data/SoundPEATS%20Air4%20L.txt	SoundPEATS Air4	SoundPeats Air4 (ANC off)	in-ear	711
https://regancipher.squig.link/data/SoundPEATS%20Air4%20R.txt	SoundPEATS Air4	SoundPeats Air4 (ANC off)	in-ear	711
https://regancipher.squig.link/data/SoundPEATS%20Air4%20ANC%20L.txt	SoundPEATS Air4 (ANC on)	SoundPeats Air4 (ANC on)	in-ear	711
https://regancipher.squig.link/data/SoundPEATS%20Air4%20ANC%20R.txt	SoundPEATS Air4 (ANC on)	SoundPeats Air4 (ANC on)	in-ear	711
https://regancipher.squig.link/data/SoundPEATS%20Air4%20Pro%20L.txt	SoundPEATS Air4 Pro	SoundPeats Air4 Pro	in-ear	711
https://regancipher.squig.link/data/SoundPEATS%20Air4%20Pro%20R.txt	SoundPEATS Air4 Pro	SoundPeats Air4 Pro	in-ear	711
https://regancipher.squig.link/data/SoundPEATS%20Air4%20Pro%20ANC%20L.txt	SoundPEATS Air4 Pro (ANC on, SoundPEATS Classic)	SoundPeats Air4 Pro (ANC on, SoundPEATS Classic)	in-ear	711
https://regancipher.squig.link/data/SoundPEATS%20Air4%20Pro%20ANC%20R.txt	SoundPEATS Air4 Pro (ANC on, SoundPEATS Classic)	SoundPeats Air4 Pro (ANC on, SoundPEATS Classic)	in-ear	711
https://regancipher.squig.link/data/SoundPEATS%20Air5%20L.txt	SoundPEATS Air5 (ANC off, SoundPEATS Classic)	SoundPeats Air5 (ANC off, SoundPEATS Classic)	in-ear	711
https://regancipher.squig.link/data/SoundPEATS%20Air5%20R.txt	SoundPEATS Air5 (ANC off, SoundPEATS Classic)	SoundPeats Air5 (ANC off, SoundPEATS Classic)	in-ear	711
https://regancipher.squig.link/data/SoundPEATS%20Air5%20ANC%20L.txt	SoundPEATS Air5 (ANC on, SoundPEATS Classic)	SoundPeats Air5 (ANC on, SoundPEATS Classic)	in-ear	711
https://regancipher.squig.link/data/SoundPEATS%20Air5%20ANC%20R.txt	SoundPEATS Air5 (ANC on, SoundPEATS Classic)	SoundPeats Air5 (ANC on, SoundPEATS Classic)	in-ear	711
https://regancipher.squig.link/data/Soundpeats%20Air5%20Pro%20SC%20L.txt	SoundPEATS Air5 Pro (ANC off, SoundPEATS Classic)	SoundPeats Air5 Pro (ANC off, SoundPEATS Classic)	in-ear	711
https://regancipher.squig.link/data/Soundpeats%20Air5%20Pro%20SC%20R.txt	SoundPEATS Air5 Pro (ANC off, SoundPEATS Classic)	SoundPeats Air5 Pro (ANC off, SoundPEATS Classic)	in-ear	711
https://regancipher.squig.link/data/Soundpeats%20Air5%20Pro%20SC%20A%20L.txt	SoundPEATS Air5 Pro (ANC on, SoundPEATS Classic)	SoundPeats Air5 Pro (ANC on, SoundPEATS Classic)	in-ear	711
https://regancipher.squig.link/data/Soundpeats%20Air5%20Pro%20SC%20A%20R.txt	SoundPEATS Air5 Pro (ANC on, SoundPEATS Classic)	SoundPeats Air5 Pro (ANC on, SoundPEATS Classic)	in-ear	711
https://regancipher.squig.link/data/SoundPEATS%20Breezy%20L.txt	SoundPEATS Breezy (ANC off, Default)	SoundPeats Breezy (ANC off)	earbud	711
https://regancipher.squig.link/data/SoundPEATS%20Breezy%20R.txt	SoundPEATS Breezy (ANC off, Default)	SoundPeats Breezy (ANC off)	earbud	711
https://regancipher.squig.link/data/SoundPEATS%20Capsule3%20Pro%20L.txt	SoundPEATS Capsule3 Pro	SoundPeats Capsule 3 Pro	in-ear	711
https://regancipher.squig.link/data/SoundPEATS%20Capsule3%20Pro%20R.txt	SoundPEATS Capsule3 Pro	SoundPeats Capsule 3 Pro	in-ear	711
https://regancipher.squig.link/data/Cap%20ANC%20off%20L.txt	SoundPEATS Capsule3 Pro+ (ANC off, SoundPEATS Classic)	SoundPeats Capsule3 Pro+ (ANC off, SoundPEATS Classic)	in-ear	711
https://regancipher.squig.link/data/Cap%20ANC%20off%20R.txt	SoundPEATS Capsule3 Pro+ (ANC off, SoundPEATS Classic)	SoundPeats Capsule3 Pro+ (ANC off, SoundPEATS Classic)	in-ear	711
https://regancipher.squig.link/data/Cap%20ANC%20L.txt	SoundPEATS Capsule3 Pro+ (ANC on, SoundPEATS Classic)	SoundPeats Capsule3 Pro+ (ANC on, SoundPEATS Classic)	in-ear	711
https://regancipher.squig.link/data/Cap%20ANC%20R.txt	SoundPEATS Capsule3 Pro+ (ANC on, SoundPEATS Classic)	SoundPeats Capsule3 Pro+ (ANC on, SoundPEATS Classic)	in-ear	711
https://regancipher.squig.link/data/SoundPEATS%20Clear%20L.txt	SoundPEATS Clear	SoundPeats Clear	in-ear	711
https://regancipher.squig.link/data/SoundPEATS%20Clear%20R.txt	SoundPEATS Clear	SoundPeats Clear	in-ear	711
https://regancipher.squig.link/data/SoundPEATS%20Engine4%20L.txt	SoundPEATS Engine4	SoundPeats Engine 4	in-ear	711
https://regancipher.squig.link/data/SoundPEATS%20Engine4%20R.txt	SoundPEATS Engine4	SoundPeats Engine 4	in-ear	711
https://regancipher.squig.link/data/SoundPEATS%20GoFree%202%20L.txt	SoundPEATS GoFree 2	SoundPeats GoFree 2	earbud	711
https://regancipher.squig.link/data/SoundPEATS%20GoFree%202%20R.txt	SoundPEATS GoFree 2	SoundPeats GoFree 2	earbud	711
https://regancipher.squig.link/data/SoundPEATS%20H1%20L.txt	SoundPEATS H1	SoundPeats H1	in-ear	711
https://regancipher.squig.link/data/SoundPEATS%20H1%20R.txt	SoundPEATS H1	SoundPeats H1	in-ear	711
https://regancipher.squig.link/data/SoundPEATS%20H2%20L.txt	SoundPEATS H2	SoundPeats H2	in-ear	711
https://regancipher.squig.link/data/SoundPEATS%20H2%20R.txt	SoundPEATS H2	SoundPeats H2	in-ear	711
https://regancipher.squig.link/data/SoundPEATS%20Life%20L.txt	SoundPEATS Life	SoundPeats Life	in-ear	711
https://regancipher.squig.link/data/SoundPEATS%20Life%20R.txt	SoundPEATS Life	SoundPeats Life	in-ear	711
https://regancipher.squig.link/data/SoundPEATS%20Life%20Classic%20L.txt	SoundPEATS Life Classic	SoundPeats Life Classic	in-ear	711
https://regancipher.squig.link/data/SoundPEATS%20Life%20Classic%20R.txt	SoundPEATS Life Classic	SoundPeats Life Classic	in-ear	711
https://regancipher.squig.link/data/SoundPEATS%20Mini%20L.txt	SoundPEATS Mini	SoundPeats Mini	in-ear	711
https://regancipher.squig.link/data/SoundPEATS%20Mini%20R.txt	SoundPEATS Mini	SoundPeats Mini	in-ear	711
https://regancipher.squig.link/data/SoundPEATS%20Mini%20Pro%20HS%20L.txt	SoundPEATS Mini Pro HS	SoundPeats Mini Pro HS	in-ear	711
https://regancipher.squig.link/data/SoundPEATS%20Mini%20Pro%20HS%20R.txt	SoundPEATS Mini Pro HS	SoundPeats Mini Pro HS	in-ear	711
https://regancipher.squig.link/data/SoundPEATS%20Opera05%20R.txt	SoundPEATS Opera05	SoundPeats Opera05	in-ear	711
https://regancipher.squig.link/data/SoundPEATS%20RunFree%20L.txt	SoundPEATS RunFree	SoundPeats RunFree	earbud	KB500x + 711
https://regancipher.squig.link/data/SoundPEATS%20RunFree%20R.txt	SoundPEATS RunFree	SoundPeats RunFree	earbud	KB500x + 711
https://regancipher.squig.link/data/SoundPEATS%20RunFree%20Lite%20L.txt	SoundPEATS RunFree Lite	SoundPeats RunFree Lite	earbud	KB500x + 711
https://regancipher.squig.link/data/SoundPEATS%20RunFree%20Lite%20R.txt	SoundPEATS RunFree Lite	SoundPeats RunFree Lite	earbud	KB500x + 711
https://regancipher.squig.link/data/SoundPEATS%20Space%20L.txt	SoundPEATS Space (ANC on)	SoundPeats Space (ANC on)	over-ear	711
https://regancipher.squig.link/data/SoundPEATS%20Space%20R.txt	SoundPEATS Space (ANC on)	SoundPeats Space (ANC on)	over-ear	711
https://regancipher.squig.link/data/SoundPEATS%20Wings2%20L.txt	SoundPEATS Wings2	SoundPeats Wings2	earbud	KB500x + 711
https://regancipher.squig.link/data/SoundPEATS%20Wings2%20R.txt	SoundPEATS Wings2	SoundPeats Wings2	earbud	KB500x + 711
https://regancipher.squig.link/data/Technics%20AZ80%20Bass%20Plus%20L.txt	Technics AZ80 Bass Plus	Technics AZ80 Bass Plus	ignore	
https://regancipher.squig.link/data/Technics%20AZ80%20Bass%20Plus%20R.txt	Technics AZ80 Bass Plus	Technics AZ80 Bass Plus	ignore	
https://regancipher.squig.link/data/Technics%20AZ80%20Dynamic%20L.txt	Technics AZ80 Dynamic	Technics AZ80 Dynamic	ignore	
https://regancipher.squig.link/data/Technics%20AZ80%20Dynamic%20R.txt	Technics AZ80 Dynamic	Technics AZ80 Dynamic	ignore	
https://regancipher.squig.link/data/Technics%20AZ80%20Super%20Bass%20L.txt	Technics AZ80 Super Bass	Technics AZ80 Super Bass	ignore	
https://regancipher.squig.link/data/Technics%20AZ80%20Super%20Bass%20R.txt	Technics AZ80 Super Bass	Technics AZ80 Super Bass	ignore	
https://regancipher.squig.link/data/Technics%20AZ80%20Treble%20Plus%20L.txt	Technics AZ80 Treble Plus	Technics AZ80 Treble Plus	ignore	
https://regancipher.squig.link/data/Technics%20AZ80%20Treble%20Plus%20R.txt	Technics AZ80 Treble Plus	Technics AZ80 Treble Plus	ignore	
https://regancipher.squig.link/data/Technics%20AZ80%20Vocal%20L.txt	Technics AZ80 Vocal	Technics AZ80 Vocal	ignore	
https://regancipher.squig.link/data/Technics%20AZ80%20Vocal%20R.txt	Technics AZ80 Vocal	Technics AZ80 Vocal	ignore	
https://regancipher.squig.link/data/Technics%20AZ80%20L.txt	Technics AZ80	Technics EAH-AZ80	in-ear	711
https://regancipher.squig.link/data/Technics%20AZ80%20R.txt	Technics AZ80	Technics EAH-AZ80	in-ear	711
https://regancipher.squig.link/data/Tronsmart%20Apollo%20Air%20L.txt	Tronsmart Apollo Air	Tronsmart Apollo Air	in-ear	711
https://regancipher.squig.link/data/Tronsmart%20Apollo%20Air%20R.txt	Tronsmart Apollo Air	Tronsmart Apollo Air	in-ear	711
https://regancipher.squig.link/data/Tronsmart%20Onyx%20Pure%20L.txt	Tronsmart Onyx Pure	Tronsmart Onyx Pure	in-ear	711
https://regancipher.squig.link/data/Tronsmart%20Onyx%20Pure%20R.txt	Tronsmart Onyx Pure	Tronsmart Onyx Pure	in-ear	711
https://regancipher.squig.link/data/TrueFree%2001%20L.txt	TrueFree 01	TrueFree 01	earbud	KB500x + 711
https://regancipher.squig.link/data/TrueFree%2001%20R.txt	TrueFree 01	TrueFree 01	earbud	KB500x + 711
https://regancipher.squig.link/data/TrueFree%20T3%20L.txt	TrueFree T3	TrueFree T3	earbud	KB500x + 711
https://regancipher.squig.link/data/TrueFree%20T3%20R.txt	TrueFree T3	TrueFree T3	earbud	KB500x + 711
https://regancipher.squig.link/data/Truthear%20Nova%20L.txt	Truthear Nova	Truthear Nova	in-ear	711
https://regancipher.squig.link/data/Truthear%20Nova%20R.txt	Truthear Nova	Truthear Nova	in-ear	711
https://regancipher.squig.link/data/Ultrasonic%20336X%20L.txt		Ultrasonic 336X	ignore	711
https://regancipher.squig.link/data/Ultrasonic%20336X%20R.txt		Ultrasonic 336X	ignore	711
https://regancipher.squig.link/data/Ultrasonic%20336XX%20R.txt		Ultrasonic 336XX	ignore	711
https://regancipher.squig.link/data/Vivo%20TWS%204%20CHP%20L.txt	Vivo TWS 4 (ANC on, Clear High Pitched)	Vivo TWS 4 (ANC on, Clear High Pitched)	ignore	711
https://regancipher.squig.link/data/Vivo%20TWS%204%20CHP%20R.txt	Vivo TWS 4 (ANC on, Clear High Pitched)	Vivo TWS 4 (ANC on, Clear High Pitched)	ignore	711
https://regancipher.squig.link/data/Vivo%20TWS%204%20CV%20L.txt	Vivo TWS 4 (ANC on, Clear Voice)	Vivo TWS 4 (ANC on, Clear Voice)	ignore	711
https://regancipher.squig.link/data/Vivo%20TWS%204%20CV%20R.txt	Vivo TWS 4 (ANC on, Clear Voice)	Vivo TWS 4 (ANC on, Clear Voice)	ignore	711
https://regancipher.squig.link/data/Vivo%20TWS%204%20L.txt	Vivo TWS 4 (ANC on, Default)	Vivo TWS 4 (ANC on, Default)	in-ear	711
https://regancipher.squig.link/data/Vivo%20TWS%204%20R.txt	Vivo TWS 4 (ANC on, Default)	Vivo TWS 4 (ANC on, Default)	in-ear	711
https://regancipher.squig.link/data/Vivo%20TWS%204%20IAB%20L.txt	Vivo TWS 4 (ANC on, Immersive Audiobook)	Vivo TWS 4 (ANC on, Immersive Audiobook)	ignore	711
https://regancipher.squig.link/data/Vivo%20TWS%204%20IAB%20R.txt	Vivo TWS 4 (ANC on, Immersive Audiobook)	Vivo TWS 4 (ANC on, Immersive Audiobook)	ignore	711
https://regancipher.squig.link/data/Vivo%20TWS%204%20Mega%20Bass%20L.txt	Vivo TWS 4 (ANC on, Mega Bass)	Vivo TWS 4 (ANC on, Mega Bass)	ignore	711
https://regancipher.squig.link/data/Vivo%20TWS%204%20Mega%20Bass%20R.txt	Vivo TWS 4 (ANC on, Mega Bass)	Vivo TWS 4 (ANC on, Mega Bass)	ignore	711
https://regancipher.squig.link/data/Zigaat%20Estrella%20L.txt	Zigaat Estrella	ZiiGaat Estrella	in-ear	711
https://regancipher.squig.link/data/Zigaat%20Estrella%20R.txt	Zigaat Estrella	ZiiGaat Estrella	in-ear	711
https://regancipher.squig.link/data/Realme%20Buds%20Air%203S%20R.txt	Realme Buds Air 3S	realme Buds Air 3S	in-ear	711
https://regancipher.squig.link/data/Realme%20Buds%20Air%205%20Pro%20L.txt	Realme Buds Air 5 Pro	realme Buds Air 5 Pro	in-ear	711
https://regancipher.squig.link/data/Realme%20Buds%20Air%205%20Pro%20R.txt	Realme Buds Air 5 Pro	realme Buds Air 5 Pro	in-ear	711
https://regancipher.squig.link/data/Realme%20Buds%20Air%205%20Pro%20ANC%20L.txt	Realme Buds Air 5 Pro (ANC on)	realme Buds Air 5 Pro (ANC on)	in-ear	711
https://regancipher.squig.link/data/Realme%20Buds%20Air%205%20Pro%20ANC%20R.txt	Realme Buds Air 5 Pro (ANC on)	realme Buds Air 5 Pro (ANC on)	in-ear	711
https://regancipher.squig.link/data/Realme%20Buds%20Air%206%20Pro%20ANC%20L.txt	Realme Buds Air 6 Pro (ANC on, Default)	realme Buds Air 6 Pro (ANC on)	in-ear	711
https://regancipher.squig.link/data/Realme%20Buds%20Air%206%20Pro%20ANC%20R.txt	Realme Buds Air 6 Pro (ANC on, Default)	realme Buds Air 6 Pro (ANC on)	in-ear	711
https://regancipher.squig.link/data/RBA7P%20L.txt	Realme Buds Air 7 Pro (ANC off, Default)	realme Buds Air 7 Pro (ANC off)	in-ear	711
https://regancipher.squig.link/data/RBA7P%20R.txt	Realme Buds Air 7 Pro (ANC off, Default)	realme Buds Air 7 Pro (ANC off)	in-ear	711
https://regancipher.squig.link/data/Realme%20Buds%20Air%207%20Pro%20ANC%20L.txt	Realme Buds Air 7 Pro (ANC on, Default)	realme Buds Air 7 Pro (ANC on)	in-ear	711
https://regancipher.squig.link/data/Realme%20Buds%20Air%207%20Pro%20ANC%20R.txt	Realme Buds Air 7 Pro (ANC on, Default)	realme Buds Air 7 Pro (ANC on)	in-ear	711
